"Time (s)","Acceleration x (m/s^2)","Acceleration y (m/s^2)","Acceleration z (m/s^2)","Absolute acceleration (m/s^2)"
-1.376375003E-3,5.279521179E-1,1.728904724E-1,1.029978149E1,1.031475271E1
8.579624999E-3,1.495390320E-1,2.776725769E-1,9.760003967E0,9.765098127E0
1.853562500E-2,5.987548828E-2,2.475851440E-1,9.414223022E0,9.417668427E0
2.849162500E-2,1.564247131E-1,2.526745605E-1,9.786199493E0,9.790710579E0
3.844762500E-2,2.865042114E-1,2.368075562E-1,9.859397278E0,9.866401429E0
4.840362500E-2,4.415817261E-2,2.601589966E-1,9.544452209E0,9.548099320E0
5.835962500E-2,1.984872437E-1,2.302212524E-1,9.736951904E0,9.741695509E0
6.831500000E-2,2.017803955E-1,2.556683350E-1,9.769883423E0,9.775310927E0
7.827100000E-2,1.218466187E-1,2.406994629E-1,9.603878632E0,9.607667126E0
8.822700000E-2,1.724414062E-1,2.480342102E-1,9.737700348E0,9.742384979E0
9.818300000E-2,1.875599670E-1,2.389031982E-1,9.741143188E0,9.745877287E0
1.081390000E-1,1.273851013E-1,2.507286072E-1,9.641001434E0,9.645102408E0
1.180950000E-1,1.686991882E-1,2.448907471E-1,9.735754395E0,9.740294889E0
1.280510000E-1,1.633103943E-1,2.496807861E-1,9.709409180E0,9.713991836E0
1.380070000E-1,1.453477478E-1,2.511776733E-1,9.671238556E0,9.675591527E0
1.479630000E-1,1.811233521E-1,2.448907471E-1,9.720486145E0,9.725257222E0
1.579190000E-1,1.613644409E-1,2.525248718E-1,9.687105560E0,9.691739856E0
1.678750000E-1,1.522334290E-1,2.591111755E-1,9.687854004E0,9.692514061E0
1.778310000E-1,1.624122620E-1,2.371069336E-1,9.717492371E0,9.721741378E0
1.877880000E-1,1.486408997E-1,2.468367004E-1,9.696985016E0,9.701264911E0
1.977440000E-1,1.537303162E-1,2.529739380E-1,9.702972565E0,9.707487080E0
2.077000000E-1,1.625619507E-1,2.392025757E-1,9.717492371E0,9.721795217E0
2.176560000E-1,1.489402771E-1,2.414479065E-1,9.697284393E0,9.701433137E0
2.276120000E-1,1.558259583E-1,2.430944824E-1,9.712852020E0,9.717143151E0
2.375680000E-1,1.573228455E-1,2.493814087E-1,9.700727234E0,9.705207387E0
2.475240000E-1,1.667532349E-1,2.525248718E-1,9.683662720E0,9.688389914E0
2.574800000E-1,1.624122620E-1,2.402503967E-1,9.693841553E0,9.698178285E0
2.674360000E-1,1.591191101E-1,2.558180237E-1,9.693691864E0,9.698372219E0
2.773920000E-1,1.678010559E-1,2.484832764E-1,9.697583771E0,9.702217897E0
2.873480000E-1,1.634600830E-1,2.519261169E-1,9.708211670E0,9.712855388E0
2.973040000E-1,1.535806274E-1,2.477348328E-1,9.712253265E0,9.716626114E0
3.072600000E-1,1.607656860E-1,2.417472839E-1,9.719737701E0,9.724072621E0
3.172160000E-1,1.618135071E-1,2.396516418E-1,9.706565094E0,9.710871354E0
3.271720000E-1,1.483415222E-1,2.314187622E-1,9.709558868E0,9.713449092E0
3.371280000E-1,1.630110168E-1,2.538720703E-1,9.705367584E0,9.710055796E0
3.470840000E-1,1.658551025E-1,2.519261169E-1,9.706714783E0,9.711399825E0
3.570400000E-1,1.597178650E-1,2.498304749E-1,9.709259491E0,9.713786333E0
3.669960000E-1,1.652563477E-1,2.472857666E-1,9.707463226E0,9.712018441E0
3.769520000E-1,1.556762695E-1,2.406994629E-1,9.703122253E0,9.707355603E0
3.869080000E-1,1.484912109E-1,2.496807861E-1,9.701775055E0,9.706123292E0
3.968640000E-1,1.658551025E-1,2.591111755E-1,9.699080658E0,9.703958580E0
4.068200000E-1,1.525328064E-1,2.438429260E-1,9.695188751E0,9.699454137E0
4.167760000E-1,1.594184875E-1,2.454895020E-1,9.708511047E0,9.712922635E0
4.267320000E-1,1.579216003E-1,2.535726929E-1,9.708810425E0,9.713405078E0
4.366880000E-1,1.529818726E-1,2.493814087E-1,9.699380035E0,9.703791404E0
4.466440000E-1,1.621128845E-1,2.423460388E-1,9.701625366E0,9.706005715E0
4.566000000E-1,1.562750244E-1,2.438429260E-1,9.702373810E0,9.706695565E0
4.665560000E-1,1.645079041E-1,2.453398132E-1,9.706565094E0,9.711058665E0
4.765120000E-1,1.655557251E-1,2.454895020E-1,9.699080658E0,9.703599301E0
4.864680000E-1,1.567240906E-1,2.483335876E-1,9.696535950E0,9.700981468E0
4.964240000E-1,1.520837402E-1,2.345622253E-1,9.707912292E0,9.711936469E0
5.063800000E-1,1.585203552E-1,2.463876343E-1,9.711504822E0,9.715923089E0
5.163360000E-1,1.547781372E-1,2.492317200E-1,9.696535950E0,9.700973258E0
5.262920000E-1,1.675016785E-1,2.552192688E-1,9.701176300E0,9.705978327E0
5.362480000E-1,1.692979431E-1,2.624043274E-1,9.704619141E0,9.709642140E0
5.462040000E-1,1.534309387E-1,2.665956116E-1,9.693841553E0,9.698720448E0
5.561600000E-1,1.582209778E-1,2.442919922E-1,9.706116028E0,9.710478917E0
5.661160000E-1,1.537303162E-1,2.404000854E-1,9.699679413E0,9.703875820E0
5.760720000E-1,1.616638184E-1,2.601589966E-1,9.700427856E0,9.705262412E0
5.860280000E-1,1.580712891E-1,2.402503967E-1,9.701325989E0,9.705587706E0
5.959840000E-1,1.568737793E-1,2.372566223E-1,9.683962097E0,9.688138211E0
6.059400000E-1,1.501377869E-1,2.526745605E-1,9.701475677E0,9.705926855E0
6.158960000E-1,1.660047913E-1,2.448907471E-1,9.699978790E0,9.704489559E0
6.258520000E-1,1.580712891E-1,2.463876343E-1,9.706565094E0,9.710978289E0
6.358080000E-1,1.570234680E-1,2.484832764E-1,9.695488129E0,9.699942802E0
6.457640000E-1,1.576222229E-1,2.609074402E-1,9.692644043E0,9.697436053E0
6.557200000E-1,1.567240906E-1,2.622546387E-1,9.705517273E0,9.710324684E0
6.656760000E-1,1.568737793E-1,2.462379456E-1,9.701924744E0,9.706316822E0
6.756320000E-1,1.695973206E-1,2.487826538E-1,9.701325989E0,9.705997218E0
6.855880000E-1,1.652563477E-1,2.498304749E-1,9.699978790E0,9.704602695E0
6.955440000E-1,1.504371643E-1,2.480342102E-1,9.702224121E0,9.706559906E0
7.055000000E-1,1.570234680E-1,2.404000854E-1,9.699380035E0,9.703629303E0
7.154560000E-1,1.535806274E-1,2.456391907E-1,9.697284393E0,9.701610703E0
7.254120000E-1,1.528321838E-1,2.499801636E-1,9.709708557E0,9.714128269E0
7.353690000E-1,1.562750244E-1,2.546205139E-1,9.696685638E0,9.701286815E0
7.453240000E-1,1.658551025E-1,2.538720703E-1,9.703870697E0,9.708607802E0
7.552810000E-1,1.505868530E-1,2.598596191E-1,9.704619141E0,9.709265476E0
7.652370000E-1,1.450483704E-1,2.457888794E-1,9.694739685E0,9.698939569E0
7.751930000E-1,1.661544800E-1,2.426454163E-1,9.710906067E0,9.715357984E0
7.851490000E-1,1.594184875E-1,2.567161560E-1,9.697134705E0,9.701842037E0
7.951050000E-1,1.550775146E-1,2.456391907E-1,9.703271942E0,9.707619380E0
8.050610000E-1,1.634600830E-1,2.409988403E-1,9.692045288E0,9.696419004E0
8.150170000E-1,1.604663086E-1,2.526745605E-1,9.691446533E0,9.696067748E0
8.249730000E-1,1.597178650E-1,2.520758057E-1,9.699380035E0,9.703969553E0
8.349290000E-1,1.660047913E-1,2.475851440E-1,9.704319763E0,9.708896851E0
8.448850000E-1,1.549278259E-1,2.484832764E-1,9.701176300E0,9.705594684E0
8.548410000E-1,1.591191101E-1,2.459385681E-1,9.693691864E0,9.698116654E0
8.647970000E-1,1.649569702E-1,2.469863892E-1,9.695188751E0,9.699737007E0
8.747530000E-1,1.471440125E-1,2.457888794E-1,9.702673187E0,9.706901180E0
8.847090000E-1,1.466949463E-1,2.314187622E-1,9.707912292E0,9.711778165E0
8.946650000E-1,1.453477478E-1,2.326162720E-1,9.700427856E0,9.704305070E0
9.046210000E-1,1.589694214E-1,2.469863892E-1,9.709259491E0,9.713701324E0
9.145770000E-1,1.613644409E-1,2.550695801E-1,9.713450775E0,9.718138965E0
9.245330000E-1,1.675016785E-1,2.546205139E-1,9.693991241E0,9.698781089E0
9.344890000E-1,1.594184875E-1,2.447410583E-1,9.703721008E0,9.708115875E0
9.444450000E-1,1.529818726E-1,2.441423035E-1,9.705367584E0,9.709643086E0
9.544010000E-1,1.615141296E-1,2.514770508E-1,9.702074432E0,9.706676868E0
9.643570000E-1,1.585203552E-1,2.435435486E-1,9.707313538E0,9.711661973E0
9.743130000E-1,1.540296936E-1,2.414479065E-1,9.704020386E0,9.708245665E0
9.842690000E-1,1.532812500E-1,2.504292297E-1,9.693542175E0,9.697987928E0
9.942250000E-1,1.695973206E-1,2.462379456E-1,9.700427856E0,9.705034620E0
1.004181000E0,1.592687988E-1,2.444416809E-1,9.695937195E0,9.700325581E0
1.014137000E0,1.520837402E-1,2.517764282E-1,9.704768829E0,9.709225451E0
1.024093000E0,1.637594604E-1,2.604583740E-1,9.701475677E0,9.706352870E0
1.034049000E0,1.555265808E-1,2.398013306E-1,9.700278168E0,9.704488123E0
1.044005000E0,1.585203552E-1,2.549198914E-1,9.699829102E0,9.704473064E0
1.053961000E0,1.642085266E-1,2.365081787E-1,9.702373810E0,9.706645049E0
1.063917000E0,1.567240906E-1,2.486329651E-1,9.696086884E0,9.700540276E0
1.073872750E0,1.567240906E-1,2.457888794E-1,9.697733459E0,9.702113629E0
1.083828750E0,1.594184875E-1,2.526745605E-1,9.699829102E0,9.704429055E0
1.093784750E0,1.637594604E-1,2.454895020E-1,9.688303070E0,9.692796224E0
1.103740750E0,1.565744019E-1,2.442919922E-1,9.701176300E0,9.705514707E0
1.113696750E0,1.591191101E-1,2.414479065E-1,9.704619141E0,9.708926236E0
1.123652750E0,1.666035461E-1,2.487826538E-1,9.702224121E0,9.706843073E0
1.133608750E0,1.642085266E-1,2.480342102E-1,9.710457001E0,9.715012124E0
1.143564750E0,1.553768921E-1,2.468367004E-1,9.706714783E0,9.711095829E0
1.153520750E0,1.683998108E-1,2.401007080E-1,9.698182526E0,9.702615686E0
1.163476750E0,1.568737793E-1,2.507286072E-1,9.704918518E0,9.709424167E0
1.173432750E0,1.727407837E-1,2.466870117E-1,9.693991241E0,9.698667952E0
1.183388750E0,1.654060364E-1,2.508782959E-1,9.692344666E0,9.697001815E0
1.193344750E0,1.577719116E-1,2.592608643E-1,9.705666962E0,9.710410874E0
1.203300750E0,1.691482544E-1,2.365081787E-1,9.702523499E0,9.706879493E0
1.213256750E0,1.588197327E-1,2.529739380E-1,9.706565094E0,9.711159840E0
1.223212750E0,1.553768921E-1,2.592608643E-1,9.705367584E0,9.710073023E0
1.233168750E0,1.556762695E-1,2.457888794E-1,9.705666962E0,9.710026696E0
1.243124750E0,1.601669312E-1,2.324665833E-1,9.695188751E0,9.699297865E0
1.253080750E0,1.601669312E-1,2.390528870E-1,9.688153381E0,9.692425686E0
1.263036750E0,1.688488770E-1,2.483335876E-1,9.690847778E0,9.695499481E0
1.272992750E0,1.636097717E-1,2.329156494E-1,9.700427856E0,9.704602952E0
1.282948750E0,1.523831177E-1,2.547702026E-1,9.699829102E0,9.704370823E0
1.292904750E0,1.472937012E-1,2.589614868E-1,9.707612915E0,9.712183328E0
1.302860750E0,1.558259583E-1,2.432441711E-1,9.703421631E0,9.707720680E0
1.312816750E0,1.598675537E-1,2.433938599E-1,9.700727234E0,9.705096964E0
1.322772750E0,1.585203552E-1,2.477348328E-1,9.691147156E0,9.695609029E0
1.332729750E0,1.448986816E-1,2.537223816E-1,9.710157623E0,9.714552576E0
1.342685750E0,1.525328064E-1,2.432441711E-1,9.692194977E0,9.696446641E0
1.352641750E0,1.640588379E-1,2.474354553E-1,9.692644043E0,9.697189704E0
1.362597750E0,1.448986816E-1,2.421963501E-1,9.699829102E0,9.703934218E0
1.372553750E0,1.529818726E-1,2.535726929E-1,9.703271942E0,9.707790117E0
1.382509750E0,1.710942078E-1,2.414479065E-1,9.692344666E0,9.696861112E0
1.392465750E0,1.603166199E-1,2.441423035E-1,9.704170074E0,9.708564452E0
1.402421750E0,1.721420288E-1,2.579136658E-1,9.709858246E0,9.714808258E0
1.412377750E0,1.567240906E-1,2.553689575E-1,9.697733459E0,9.702361053E0
1.422333750E0,1.498384094E-1,2.468367004E-1,9.694889374E0,9.699188619E0
1.432289750E0,1.672023010E-1,2.489323425E-1,9.696386261E0,9.701022134E0
1.442245750E0,1.670526123E-1,2.412982178E-1,9.707163849E0,9.711599322E0
1.452201750E0,1.586700439E-1,2.567161560E-1,9.705666962E0,9.710357900E0
1.462157750E0,1.549278259E-1,2.589614868E-1,9.704319763E0,9.709010544E0
1.472113750E0,1.601669312E-1,2.460882568E-1,9.692344666E0,9.696791118E0
1.482069750E0,1.694476318E-1,2.639012146E-1,9.710606689E0,9.715669747E0
1.492025750E0,1.660047913E-1,2.513273621E-1,9.702972565E0,9.707646451E0
1.501981750E0,1.561253357E-1,2.535726929E-1,9.688901825E0,9.693476817E0
1.511937750E0,1.609153748E-1,2.484832764E-1,9.698930969E0,9.703447822E0
1.521893750E0,1.615141296E-1,2.496807861E-1,9.715845795E0,9.720395404E0
1.531849750E0,1.664538574E-1,2.609074402E-1,9.696685638E0,9.701623161E0
1.541805750E0,1.606159973E-1,2.460882568E-1,9.681567078E0,9.686025914E0
1.551761750E0,1.558259583E-1,2.480342102E-1,9.713600464E0,9.718016087E0
1.561717750E0,1.615141296E-1,2.474354553E-1,9.695937195E0,9.700438609E0
1.571673750E0,1.622625732E-1,2.474354553E-1,9.704170074E0,9.708680151E0
1.581629750E0,1.637594604E-1,2.406994629E-1,9.699380035E0,9.703748063E0
1.591585750E0,1.685494995E-1,2.621049500E-1,9.695188751E0,9.700195506E0
1.601541750E0,1.583706665E-1,2.525248718E-1,9.688153381E0,9.692737798E0
1.611497750E0,1.544787598E-1,2.508782959E-1,9.698631592E0,9.703105604E0
1.621453750E0,1.616638184E-1,2.448907471E-1,9.704319763E0,9.708755262E0
1.631409750E0,1.553768921E-1,2.502795410E-1,9.701176300E0,9.705648017E0
1.641365750E0,1.498384094E-1,2.568658447E-1,9.700128479E0,9.704685679E0
1.651321750E0,1.627116394E-1,2.429447937E-1,9.708061981E0,9.712464398E0
1.661277750E0,1.538800049E-1,2.433938599E-1,9.710756378E0,9.715024913E0
1.671233750E0,1.615141296E-1,2.418969727E-1,9.704768829E0,9.709126582E0
1.681189750E0,1.679507446E-1,2.507286072E-1,9.709409180E0,9.714097946E0
1.691145750E0,1.567240906E-1,2.526745605E-1,9.698631592E0,9.703188220E0
1.701101750E0,1.550775146E-1,2.430944824E-1,9.707313538E0,9.711595136E0
1.711057750E0,1.440005493E-1,2.451901245E-1,9.692644043E0,9.696814059E0
1.721013750E0,1.610650635E-1,2.525248718E-1,9.707463226E0,9.712082838E0
1.730969750E0,1.612147522E-1,2.468367004E-1,9.709109802E0,9.713584905E0
1.740925750E0,1.654060364E-1,2.538720703E-1,9.703271942E0,9.708001677E0
1.750881750E0,1.505868530E-1,2.552192688E-1,9.707912292E0,9.712434008E0
1.760837750E0,1.555265808E-1,2.456391907E-1,9.715396729E0,9.719745919E0
1.770793750E0,1.588197327E-1,2.472857666E-1,9.696535950E0,9.700988784E0
1.780749750E0,1.507365417E-1,2.412982178E-1,9.696535950E0,9.700709034E0
1.790705750E0,1.642085266E-1,2.486329651E-1,9.710007935E0,9.714578575E0
1.800661750E0,1.517843628E-1,2.538720703E-1,9.705217896E0,9.709724194E0
1.810617750E0,1.511856079E-1,2.472857666E-1,9.694140930E0,9.698472855E0
1.820573750E0,1.649569702E-1,2.435435486E-1,9.693392487E0,9.697854513E0
1.830529750E0,1.672023010E-1,2.483335876E-1,9.690847778E0,9.695470945E0
1.840485750E0,1.648072815E-1,2.538720703E-1,9.697134705E0,9.701857242E0
1.850441750E0,1.534309387E-1,2.474354553E-1,9.707762604E0,9.712127477E0
1.860397750E0,1.649569702E-1,2.451901245E-1,9.717342682E0,9.721835104E0
1.870353750E0,1.546284485E-1,2.520758057E-1,9.701325989E0,9.705832170E0
1.880309750E0,1.595681763E-1,2.441423035E-1,9.696835327E0,9.701220688E0
1.890265750E0,1.679507446E-1,2.532733154E-1,9.701475677E0,9.706234344E0
1.900221750E0,1.597178650E-1,2.468367004E-1,9.706116028E0,9.710567774E0
1.910177750E0,1.642085266E-1,2.534230042E-1,9.700577545E0,9.705276522E0
1.920133750E0,1.553768921E-1,2.487826538E-1,9.696236572E0,9.700672062E0
1.930089750E0,1.513352966E-1,2.586621094E-1,9.710906067E0,9.715529069E0
1.940045750E0,1.604663086E-1,2.435435486E-1,9.702822876E0,9.707205296E0
1.950001750E0,1.502874756E-1,2.513273621E-1,9.699978790E0,9.704397988E0
1.959957750E0,1.490899658E-1,2.540217590E-1,9.702074432E0,9.706544347E0
1.969914750E0,1.570234680E-1,2.383044434E-1,9.689051514E0,9.693253562E0
1.979870750E0,1.591191101E-1,2.484832764E-1,9.693542175E0,9.698031900E0
1.989826750E0,1.547781372E-1,2.439926147E-1,9.699829102E0,9.704131763E0
1.999782750E0,1.704954529E-1,2.505789185E-1,9.702822876E0,9.707555318E0
2.009738750E0,1.745370483E-1,2.538720703E-1,9.697284393E0,9.702177014E0
2.019694750E0,1.531315613E-1,2.555186462E-1,9.702074432E0,9.706646555E0
2.029650750E0,1.631607056E-1,2.398013306E-1,9.699380035E0,9.703715740E0
2.039606750E0,1.570234680E-1,2.504292297E-1,9.700876923E0,9.705379139E0
2.049562750E0,1.633103943E-1,2.502795410E-1,9.701026611E0,9.705628648E0
2.059518750E0,1.603166199E-1,2.487826538E-1,9.706116028E0,9.710627301E0
2.069474750E0,1.576222229E-1,2.442919922E-1,9.697883148E0,9.702239994E0
2.079431000E0,1.683998108E-1,2.486329651E-1,9.708361359E0,9.713004536E0
2.089387000E0,1.763333130E-1,2.586621094E-1,9.706864471E0,9.711911109E0
2.099343000E0,1.661544800E-1,2.447410583E-1,9.694440308E0,9.698952437E0
2.109299000E0,1.514849854E-1,2.597099304E-1,9.698032837E0,9.702692299E0
2.119255000E0,1.522334290E-1,2.555186462E-1,9.690698090E0,9.695261433E0
2.129211000E0,1.613644409E-1,2.408491516E-1,9.706565094E0,9.710893508E0
2.139167000E0,1.672023010E-1,2.553689575E-1,9.700727234E0,9.705528259E0
2.149123000E0,1.564247131E-1,2.383044434E-1,9.701176300E0,9.705363430E0
2.159079000E0,1.466949463E-1,2.412982178E-1,9.708211670E0,9.712317852E0
2.169035000E0,1.610650635E-1,2.529739380E-1,9.701475677E0,9.706109833E0
2.178991000E0,1.621128845E-1,2.516267395E-1,9.697583771E0,9.702202203E0
2.188947000E0,1.553768921E-1,2.558180237E-1,9.712852020E0,9.717462591E0
2.198903000E0,1.514849854E-1,2.549198914E-1,9.699829102E0,9.704360693E0
2.208859000E0,1.595681763E-1,2.457888794E-1,9.690398712E0,9.694828589E0
2.218815000E0,1.672023010E-1,2.570155334E-1,9.695039063E0,9.699886392E0
2.228771000E0,1.517843628E-1,2.532733154E-1,9.692194977E0,9.696691670E0
2.238727000E0,1.535806274E-1,2.442919922E-1,9.696835327E0,9.701127818E0
2.248683000E0,1.564247131E-1,2.502795410E-1,9.692793732E0,9.697286160E0
2.258639000E0,1.544787598E-1,2.450404358E-1,9.710307312E0,9.714626941E0
2.268595000E0,1.499880981E-1,2.411485291E-1,9.704918518E0,9.709072689E0
2.278551000E0,1.616638184E-1,2.462379456E-1,9.705517273E0,9.709986295E0
2.288507000E0,1.616638184E-1,2.531236267E-1,9.690249023E0,9.694902418E0
2.298463000E0,1.562750244E-1,2.505789185E-1,9.702523499E0,9.707016736E0
2.308419000E0,1.564247131E-1,2.408491516E-1,9.714348907E0,9.718593093E0
2.318375000E0,1.552272034E-1,2.438429260E-1,9.703870697E0,9.708174976E0
2.328331000E0,1.559756470E-1,2.442919922E-1,9.705666962E0,9.709993726E0
2.338287000E0,1.517843628E-1,2.477348328E-1,9.701924744E0,9.706273990E0
2.348243000E0,1.537303162E-1,2.451901245E-1,9.681417389E0,9.685741782E0
2.358199000E0,1.580712891E-1,2.493814087E-1,9.705517273E0,9.710007372E0
2.368155000E0,1.579216003E-1,2.471360779E-1,9.706864471E0,9.711294113E0
2.378111000E0,1.709445190E-1,2.525248718E-1,9.700577545E0,9.705369418E0
2.388067000E0,1.630110168E-1,2.538720703E-1,9.692344666E0,9.697039174E0
2.398023000E0,1.574725342E-1,2.474354553E-1,9.695637817E0,9.700072917E0
2.407979000E0,1.583706665E-1,2.406994629E-1,9.696835327E0,9.701115032E0
2.417935000E0,1.598675537E-1,2.564167786E-1,9.707163849E0,9.711865793E0
2.427891000E0,1.592687988E-1,2.444416809E-1,9.703122253E0,9.707507391E0
2.437847000E0,1.549278259E-1,2.531236267E-1,9.692344666E0,9.696887094E0
2.447803000E0,1.573228455E-1,2.538720703E-1,9.703571320E0,9.708166555E0
2.457759000E0,1.559756470E-1,2.585124207E-1,9.697434082E0,9.702133005E0
2.467715000E0,1.646575928E-1,2.609074402E-1,9.705816650E0,9.710718906E0
2.477671000E0,1.544787598E-1,2.511776733E-1,9.696086884E0,9.700569816E0
2.487627000E0,1.607656860E-1,2.299218750E-1,9.694440308E0,9.698498985E0
2.497583000E0,1.526824951E-1,2.427951050E-1,9.698930969E0,9.703170789E0
2.507539000E0,1.651066589E-1,2.513273621E-1,9.712402954E0,9.717057003E0
2.517495000E0,1.716929626E-1,2.359094238E-1,9.707912292E0,9.712295960E0
2.527451000E0,1.576222229E-1,2.418969727E-1,9.710307312E0,9.714598654E0
2.537407000E0,1.558259583E-1,2.433938599E-1,9.704619141E0,9.708921411E0
2.547363000E0,1.643582153E-1,2.523751831E-1,9.696535950E0,9.701212104E0
2.557319000E0,1.679507446E-1,2.616558838E-1,9.694440308E0,9.699424938E0
2.567275000E0,1.549278259E-1,2.372566223E-1,9.687255249E0,9.691398640E0
2.577231000E0,1.481918335E-1,2.647993469E-1,9.703721008E0,9.708464396E0
2.587187000E0,1.577719116E-1,2.612068176E-1,9.692943420E0,9.697745776E0
2.597143000E0,1.607656860E-1,2.604583740E-1,9.696685638E0,9.701515167E0
2.607099000E0,1.583706665E-1,2.427951050E-1,9.704619141E0,9.708947595E0
2.617055000E0,1.592687988E-1,2.454895020E-1,9.696086884E0,9.700501662E0
2.627011000E0,1.499880981E-1,2.501298523E-1,9.702673187E0,9.707055596E0
2.636967000E0,1.591191101E-1,2.481838989E-1,9.694889374E0,9.699370810E0
2.646923000E0,1.652563477E-1,2.468367004E-1,9.702373810E0,9.706919983E0
2.656879000E0,1.636097717E-1,2.406994629E-1,9.699080658E0,9.703446295E0
2.666835000E0,1.621128845E-1,2.543211365E-1,9.696835327E0,9.701524375E0
2.676791000E0,1.523831177E-1,2.471360779E-1,9.700427856E0,9.704771891E0
2.686748000E0,1.586700439E-1,2.517764282E-1,9.702673187E0,9.707236194E0
2.696703000E0,1.543290710E-1,2.523751831E-1,9.694739685E0,9.699251943E0
2.706660000E0,1.562750244E-1,2.625540161E-1,9.704319763E0,9.709128620E0
2.716616000E0,1.498384094E-1,2.409988403E-1,9.702074432E0,9.706223791E0
2.726572000E0,1.519340515E-1,2.438429260E-1,9.702972565E0,9.707225140E0
2.736528000E0,1.585203552E-1,2.562670898E-1,9.710457001E0,9.715131326E0
2.746484000E0,1.565744019E-1,2.423460388E-1,9.702074432E0,9.706363657E0
2.756440000E0,1.537303162E-1,2.538720703E-1,9.700128479E0,9.704667771E0
2.766396000E0,1.615141296E-1,2.469863892E-1,9.697134705E0,9.701624120E0
2.776352000E0,1.547781372E-1,2.384541321E-1,9.703571320E0,9.707734700E0
2.786308000E0,1.537303162E-1,2.547702026E-1,9.696086884E0,9.700651613E0
2.796264000E0,1.523831177E-1,2.517764282E-1,9.705966339E0,9.710427105E0
2.806220000E0,1.532812500E-1,2.600093079E-1,9.700577545E0,9.705272005E0
2.816176000E0,1.627116394E-1,2.547702026E-1,9.708361359E0,9.713066622E0
2.826132000E0,1.631607056E-1,2.513273621E-1,9.701924744E0,9.706550911E0
2.836088000E0,1.607656860E-1,2.607577515E-1,9.689500580E0,9.694341736E0
2.846044000E0,1.579216003E-1,2.412982178E-1,9.700876923E0,9.705162396E0
2.856000000E0,1.612147522E-1,2.546205139E-1,9.712702332E0,9.717376620E0
2.865956000E0,1.688488770E-1,2.649490356E-1,9.709558868E0,9.714640567E0
2.875912000E0,1.484912109E-1,2.368075562E-1,9.693242798E0,9.697271956E0
2.885868000E0,1.586700439E-1,2.412982178E-1,9.702074432E0,9.706371583E0
2.895824000E0,1.739382935E-1,2.526745605E-1,9.705966339E0,9.710812610E0
2.905780000E0,1.465452576E-1,2.454895020E-1,9.703122253E0,9.707333417E0
2.915736000E0,1.552272034E-1,2.436932373E-1,9.703870697E0,9.708171217E0
2.925692000E0,1.520837402E-1,2.383044434E-1,9.707313538E0,9.711429070E0
2.935648000E0,1.463955688E-1,2.555186462E-1,9.697583771E0,9.702054032E0
2.945604000E0,1.583706665E-1,2.492317200E-1,9.711804199E0,9.716292427E0
2.955560000E0,1.472937012E-1,2.444416809E-1,9.696386261E0,9.700585224E0
2.965516000E0,1.552272034E-1,2.543211365E-1,9.696086884E0,9.700663667E0
2.975472000E0,1.495390320E-1,2.420466614E-1,9.704020386E0,9.708190365E0
2.985428000E0,1.597178650E-1,2.469863892E-1,9.709259491E0,9.713713602E0
2.995384000E0,1.637594604E-1,2.495310974E-1,9.705367584E0,9.709955864E0
3.005340000E0,1.586700439E-1,2.538720703E-1,9.698481903E0,9.703101485E0
3.015296000E0,1.437011719E-1,2.486329651E-1,9.704918518E0,9.709166381E0
3.025252000E0,1.565744019E-1,2.549198914E-1,9.699080658E0,9.703693385E0
3.035208000E0,1.612147522E-1,2.517764282E-1,9.685458984E0,9.690072100E0
3.045164000E0,1.622625732E-1,2.460882568E-1,9.718989258E0,9.723458272E0
3.055120000E0,1.672023010E-1,2.553689575E-1,9.702523499E0,9.707323635E0
3.065076000E0,1.637594604E-1,2.592608643E-1,9.702074432E0,9.706919267E0
3.075032000E0,1.591191101E-1,2.390528870E-1,9.710007935E0,9.714253407E0
3.084988000E0,1.772314453E-1,2.598596191E-1,9.704918518E0,9.710014493E0
3.094944000E0,1.595681763E-1,2.582130432E-1,9.715247040E0,9.719987707E0
3.104900000E0,1.496887207E-1,2.549198914E-1,9.689949646E0,9.694457953E0
3.114856000E0,1.520837402E-1,2.445913696E-1,9.706265717E0,9.710538016E0
3.124812000E0,1.697470093E-1,2.450404358E-1,9.701176300E0,9.705755018E0
3.134768000E0,1.589694214E-1,2.393522644E-1,9.686506805E0,9.690767507E0
3.144724000E0,1.535806274E-1,2.414479065E-1,9.704768829E0,9.708986669E0
3.154680000E0,1.710942078E-1,2.362088013E-1,9.705068207E0,9.709449867E0
3.164636000E0,1.612147522E-1,2.463876343E-1,9.701176300E0,9.705643650E0
3.174592000E0,1.486408997E-1,2.480342102E-1,9.696236572E0,9.700547343E0
3.184548000E0,1.634600830E-1,2.439926147E-1,9.693093109E0,9.697541215E0
3.194504000E0,1.585203552E-1,2.541714478E-1,9.698032837E0,9.702658024E0
3.204460000E0,1.660047913E-1,2.466870117E-1,9.700577545E0,9.705133527E0
3.214416000E0,1.552272034E-1,2.483335876E-1,9.702074432E0,9.706493360E0
3.224372000E0,1.507365417E-1,2.523751831E-1,9.702373810E0,9.706826066E0
3.234328000E0,1.478924561E-1,2.523751831E-1,9.706265717E0,9.710672457E0
3.244284000E0,1.618135071E-1,2.547702026E-1,9.698481903E0,9.703176938E0
3.254240000E0,1.534309387E-1,2.468367004E-1,9.702074432E0,9.706426619E0
3.264196000E0,1.553768921E-1,2.573149109E-1,9.694140930E0,9.698799994E0
3.274152000E0,1.576222229E-1,2.498304749E-1,9.705367584E0,9.709861996E0
3.284108000E0,1.519340515E-1,2.401007080E-1,9.709259491E0,9.713416092E0
3.294064000E0,1.648072815E-1,2.445913696E-1,9.707612915E0,9.712092199E0
3.304020000E0,1.588197327E-1,2.465373230E-1,9.707463226E0,9.711892022E0
3.313976000E0,1.507365417E-1,2.492317200E-1,9.702673187E0,9.707044088E0
3.323932000E0,1.541793823E-1,2.471360779E-1,9.707463226E0,9.711832464E0
3.333888000E0,1.522334290E-1,2.401007080E-1,9.705367584E0,9.709530540E0
3.343844000E0,1.567240906E-1,2.415975952E-1,9.698781281E0,9.703055713E0
3.353800000E0,1.601669312E-1,2.362088013E-1,9.690099335E0,9.694301066E0
3.363756000E0,1.558259583E-1,2.426454163E-1,9.700577545E0,9.704862865E0
3.373712000E0,1.573228455E-1,2.523751831E-1,9.694589996E0,9.699150422E0
3.383668000E0,1.582209778E-1,2.493814087E-1,9.701625366E0,9.706119704E0
3.393624000E0,1.450483704E-1,2.409988403E-1,9.719588013E0,9.723657265E0
3.403580000E0,1.565744019E-1,2.598596191E-1,9.715396729E0,9.720132517E0
3.413536000E0,1.613644409E-1,2.574645996E-1,9.705816650E0,9.710571732E0
3.423492000E0,1.580712891E-1,2.441423035E-1,9.708211670E0,9.712567417E0
3.433448000E0,1.579216003E-1,2.414479065E-1,9.700727234E0,9.705016496E0
3.443404000E0,1.534309387E-1,2.469863892E-1,9.698332214E0,9.702689888E0
3.453360000E0,1.523831177E-1,2.415975952E-1,9.708960114E0,9.713160994E0
3.463316000E0,1.621128845E-1,2.550695801E-1,9.696535950E0,9.701244791E0
3.473272000E0,1.615141296E-1,2.492317200E-1,9.693542175E0,9.698090697E0
3.483228000E0,1.621128845E-1,2.543211365E-1,9.695338440E0,9.700028211E0
3.493184000E0,1.504371643E-1,2.392025757E-1,9.695787506E0,9.699904359E0
3.503140000E0,1.606159973E-1,2.522254944E-1,9.691895599E0,9.696507387E0
3.513096000E0,1.639091492E-1,2.423460388E-1,9.698332214E0,9.702744228E0
3.523052000E0,1.508862305E-1,2.329156494E-1,9.696685638E0,9.700656098E0
3.533008000E0,1.592687988E-1,2.550695801E-1,9.690099335E0,9.694764162E0
3.542964000E0,1.535806274E-1,2.484832764E-1,9.701924744E0,9.706321377E0
3.552920000E0,1.562750244E-1,2.486329651E-1,9.701775055E0,9.706218597E0
3.562876000E0,1.627116394E-1,2.550695801E-1,9.703271942E0,9.707987534E0
3.572833000E0,1.576222229E-1,2.408491516E-1,9.690847778E0,9.695121647E0
3.582788000E0,1.559756470E-1,2.501298523E-1,9.697134705E0,9.701614032E0
3.592745000E0,1.561253357E-1,2.466870117E-1,9.707463226E0,9.711852135E0
3.602701000E0,1.710942078E-1,2.390528870E-1,9.703421631E0,9.707873653E0
3.612657000E0,1.685494995E-1,2.555186462E-1,9.692494354E0,9.697326720E0
3.622613000E0,1.534309387E-1,2.529739380E-1,9.701775055E0,9.706285391E0
3.632569000E0,1.613644409E-1,2.457888794E-1,9.704170074E0,9.708623357E0
3.642525000E0,1.561253357E-1,2.481838989E-1,9.704319763E0,9.708748242E0
3.652481000E0,1.637594604E-1,2.520758057E-1,9.702373810E0,9.707029253E0
3.662437000E0,1.505868530E-1,2.393522644E-1,9.695637817E0,9.699760749E0
3.672393000E0,1.565744019E-1,2.432441711E-1,9.689949646E0,9.694266729E0
3.682349000E0,1.568737793E-1,2.493814087E-1,9.706265717E0,9.710736050E0
3.692305000E0,1.648072815E-1,2.374063110E-1,9.711953888E0,9.716252957E0
3.702261000E0,1.722917175E-1,2.409988403E-1,9.701924744E0,9.706446755E0
3.712217000E0,1.558259583E-1,2.510279846E-1,9.701924744E0,9.706422642E0
3.722173000E0,1.640588379E-1,2.535726929E-1,9.706565094E0,9.711262551E0
3.732129000E0,1.440005493E-1,2.474354553E-1,9.698332214E0,9.702556787E0
3.742085000E0,1.442999268E-1,2.484832764E-1,9.683513031E0,9.687775340E0
3.752041000E0,1.645079041E-1,2.520758057E-1,9.706116028E0,9.710782327E0
3.761997000E0,1.618135071E-1,2.430944824E-1,9.708511047E0,9.712902002E0
3.771953000E0,1.606159973E-1,2.469863892E-1,9.704170074E0,9.708641337E0
3.781909000E0,1.627116394E-1,2.381547546E-1,9.684860229E0,9.689154268E0
3.791865000E0,1.586700439E-1,2.516267395E-1,9.705068207E0,9.709626208E0
3.801821000E0,1.549278259E-1,2.519261169E-1,9.703721008E0,9.708226965E0
3.811777000E0,1.514849854E-1,2.462379456E-1,9.704020386E0,9.708325936E0
3.821733000E0,1.589694214E-1,2.439926147E-1,9.707912292E0,9.712279071E0
3.831689000E0,1.624122620E-1,2.567161560E-1,9.698631592E0,9.703387846E0
3.841645000E0,1.553768921E-1,2.354603577E-1,9.693242798E0,9.697347034E0
3.851601000E0,1.474433899E-1,2.540217590E-1,9.694290619E0,9.698738950E0
3.861557000E0,1.570234680E-1,2.522254944E-1,9.698631592E0,9.703181376E0
3.871513000E0,1.633103943E-1,2.430944824E-1,9.703122253E0,9.707540712E0
3.881469000E0,1.586700439E-1,2.417472839E-1,9.716743927E0,9.721045750E0
3.891425000E0,1.676513672E-1,2.415975952E-1,9.701475677E0,9.705931521E0
3.901381000E0,1.600172424E-1,2.526745605E-1,9.704469452E0,9.709077057E0
3.911337000E0,1.657054138E-1,2.414479065E-1,9.716294861E0,9.720706826E0
3.921293000E0,1.517843628E-1,2.460882568E-1,9.708061981E0,9.712366620E0
3.931249000E0,1.555265808E-1,2.436932373E-1,9.700577545E0,9.704884318E0
3.941205000E0,1.481918335E-1,2.549198914E-1,9.701176300E0,9.705656422E0
3.951161000E0,1.552272034E-1,2.480342102E-1,9.698631592E0,9.703044430E0
3.961117000E0,1.697470093E-1,2.456391907E-1,9.705217896E0,9.709809836E0
3.971073000E0,1.622625732E-1,2.468367004E-1,9.696236572E0,9.700735084E0
3.981029000E0,1.544787598E-1,2.502795410E-1,9.700278168E0,9.704735961E0
3.990985000E0,1.649569702E-1,2.513273621E-1,9.700876923E0,9.705533953E0
4.000941000E0,1.675016785E-1,2.553689575E-1,9.691296844E0,9.696107706E0
4.010897000E0,1.600172424E-1,2.502795410E-1,9.686057739E0,9.690611946E0
4.020853000E0,1.499880981E-1,2.550695801E-1,9.705517273E0,9.710026903E0
4.030809000E0,1.508862305E-1,2.505789185E-1,9.702224121E0,9.706632235E0
4.040765000E0,1.603166199E-1,2.490820312E-1,9.696985016E0,9.701508217E0
4.050721000E0,1.637594604E-1,2.487826538E-1,9.708511047E0,9.713078643E0
4.060677000E0,1.615141296E-1,2.469863892E-1,9.700128479E0,9.704616510E0
4.070633000E0,1.669029236E-1,2.469863892E-1,9.707014160E0,9.711590126E0
4.080589417E0,1.613644409E-1,2.441423035E-1,9.695338440E0,9.699754193E0
4.090545417E0,1.567240906E-1,2.389031982E-1,9.692045288E0,9.696255929E0
4.100501417E0,1.594184875E-1,2.505789185E-1,9.698631592E0,9.703177768E0
4.110457417E0,1.568737793E-1,2.468367004E-1,9.705217896E0,9.709623687E0
4.120413417E0,1.543290710E-1,2.568658447E-1,9.705068207E0,9.709693426E0
4.130369417E0,1.598675537E-1,2.555186462E-1,9.692494354E0,9.697179704E0
4.140325417E0,1.624122620E-1,2.514770508E-1,9.705217896E0,9.709833822E0
4.150281417E0,1.546284485E-1,2.483335876E-1,9.706565094E0,9.710972426E0
4.160237417E0,1.504371643E-1,2.451901245E-1,9.703870697E0,9.708133499E0
4.170193417E0,1.654060364E-1,2.550695801E-1,9.693991241E0,9.698756922E0
4.180149417E0,1.600172424E-1,2.561174011E-1,9.695937195E0,9.700639140E0
4.190105417E0,1.657054138E-1,2.589614868E-1,9.698182526E0,9.703054346E0
4.200061417E0,1.508862305E-1,2.559677124E-1,9.701176300E0,9.705725513E0
4.210017417E0,1.694476318E-1,2.317181396E-1,9.710756378E0,9.714998468E0
4.219973417E0,1.594184875E-1,2.472857666E-1,9.699380035E0,9.703841382E0
4.229929417E0,1.588197327E-1,2.523751831E-1,9.699679413E0,9.704261829E0
4.239885417E0,1.570234680E-1,2.386038208E-1,9.690997467E0,9.695206035E0
4.249841417E0,1.472937012E-1,2.484832764E-1,9.697883148E0,9.702184132E0
4.259797417E0,1.604663086E-1,2.534230042E-1,9.711953888E0,9.716584841E0
4.269753417E0,1.586700439E-1,2.561174011E-1,9.697284393E0,9.701963560E0
4.279709417E0,1.681004333E-1,2.532733154E-1,9.697134705E0,9.701898093E0
4.289665417E0,1.579216003E-1,2.406994629E-1,9.702523499E0,9.706793379E0
4.299621417E0,1.661544800E-1,2.396516418E-1,9.712103577E0,9.716480644E0
4.309577417E0,1.654060364E-1,2.495310974E-1,9.708511047E0,9.713125742E0
4.319533417E0,1.558259583E-1,2.571652222E-1,9.705517273E0,9.710174108E0
4.329489417E0,1.489402771E-1,2.351609802E-1,9.700128479E0,9.704121619E0
4.339445417E0,1.613644409E-1,2.417472839E-1,9.715097351E0,9.719444263E0
4.349401417E0,1.516346741E-1,2.514770508E-1,9.691147156E0,9.695595236E0
4.359357417E0,1.556762695E-1,2.597099304E-1,9.709409180E0,9.714129450E0
4.369313417E0,1.495390320E-1,2.435435486E-1,9.705966339E0,9.710172911E0
4.379269417E0,1.555265808E-1,2.583627319E-1,9.699679413E0,9.704366055E0
4.389225417E0,1.546284485E-1,2.637515259E-1,9.705666962E0,9.710481244E0
4.399181417E0,1.577719116E-1,2.375559998E-1,9.704619141E0,9.708808243E0
4.409137417E0,1.558259583E-1,2.531236267E-1,9.701475677E0,9.706028210E0
4.419093417E0,1.529818726E-1,2.511776733E-1,9.705367584E0,9.709822533E0
4.429049417E0,1.505868530E-1,2.505789185E-1,9.702373810E0,9.706777207E0
4.439005417E0,1.508862305E-1,2.486329651E-1,9.705217896E0,9.709574625E0
4.448961417E0,1.646575928E-1,2.570155334E-1,9.699829102E0,9.704630529E0
4.458917417E0,1.561253357E-1,2.555186462E-1,9.698781281E0,9.703402662E0
4.468873417E0,1.582209778E-1,2.531236267E-1,9.698182526E0,9.702775363E0
4.478829417E0,1.544787598E-1,2.420466614E-1,9.693542175E0,9.697794088E0
4.488785417E0,1.504371643E-1,2.454895020E-1,9.689350891E0,9.693627656E0
4.498741417E0,1.517843628E-1,2.297721863E-1,9.698332214E0,9.702241055E0
4.508697417E0,1.523831177E-1,2.414479065E-1,9.701625366E0,9.705825697E0
4.518653417E0,1.615141296E-1,2.483335876E-1,9.700577545E0,9.705099747E0
4.528609417E0,1.541793823E-1,2.375559998E-1,9.708361359E0,9.712491153E0
4.538565417E0,1.622625732E-1,2.502795410E-1,9.694889374E0,9.699476736E0
4.548521417E0,1.510359192E-1,2.522254944E-1,9.690548401E0,9.695006852E0
4.558477417E0,1.613644409E-1,2.519261169E-1,9.707912292E0,9.712521111E0
4.568433417E0,1.683998108E-1,2.498304749E-1,9.705517273E0,9.710192547E0
4.578389417E0,1.484912109E-1,2.442919922E-1,9.696535950E0,9.700749334E0
4.588345417E0,1.556762695E-1,2.652484131E-1,9.701026611E0,9.705900738E0
4.598301417E0,1.544787598E-1,2.360591125E-1,9.710157623E0,9.714254921E0
4.608257417E0,1.504371643E-1,2.465373230E-1,9.703421631E0,9.707718750E0
4.618213417E0,1.627116394E-1,2.471360779E-1,9.691895599E0,9.696411276E0
4.628169417E0,1.567240906E-1,2.484832764E-1,9.694589996E0,9.699040240E0
4.638125417E0,1.565744019E-1,2.424957275E-1,9.690548401E0,9.694846468E0
4.648081417E0,1.538800049E-1,2.412982178E-1,9.701775055E0,9.705995214E0
4.658037417E0,1.737886047E-1,2.383044434E-1,9.696835327E0,9.701319851E0
4.667993417E0,1.574725342E-1,2.412982178E-1,9.698332214E0,9.702611513E0
4.677949417E0,1.664538574E-1,2.559677124E-1,9.705816650E0,9.710618065E0
4.687906417E0,1.589694214E-1,2.498304749E-1,9.697134705E0,9.701654912E0
4.697861417E0,1.585203552E-1,2.432441711E-1,9.701026611E0,9.705370356E0
4.707818417E0,1.546284485E-1,2.442919922E-1,9.700128479E0,9.704436153E0
4.717774417E0,1.683998108E-1,2.505789185E-1,9.704170074E0,9.708865285E0
4.727730417E0,1.528321838E-1,2.468367004E-1,9.693392487E0,9.697739114E0
4.737686417E0,1.609153748E-1,2.392025757E-1,9.696236572E0,9.700521393E0
4.747642417E0,1.562750244E-1,2.510279846E-1,9.693242798E0,9.697751949E0
4.757598417E0,1.646575928E-1,2.549198914E-1,9.718989258E0,9.723726059E0
4.767554417E0,1.643582153E-1,2.351609802E-1,9.705666962E0,9.709906564E0
4.777510417E0,1.585203552E-1,2.430944824E-1,9.693542175E0,9.697885519E0
4.787466417E0,1.544787598E-1,2.471360779E-1,9.698631592E0,9.703009568E0
4.797422417E0,1.666035461E-1,2.430944824E-1,9.708810425E0,9.713282222E0
4.807378417E0,1.520837402E-1,2.513273621E-1,9.697134705E0,9.701583190E0
4.817334417E0,1.562750244E-1,2.547702026E-1,9.695787506E0,9.700393039E0
4.827290417E0,1.576222229E-1,2.421963501E-1,9.704469452E0,9.708770838E0
4.837246417E0,1.472937012E-1,2.432441711E-1,9.707014160E0,9.711178459E0
4.847202417E0,1.429527283E-1,2.492317200E-1,9.701325989E0,9.705579729E0
4.857158417E0,1.550775146E-1,2.412982178E-1,9.699679413E0,9.703919547E0
4.867114417E0,1.562750244E-1,2.430944824E-1,9.700577545E0,9.704881324E0
4.877070417E0,1.564247131E-1,2.335144043E-1,9.683063965E0,9.687142273E0
4.887026417E0,1.574725342E-1,2.387535095E-1,9.700577545E0,9.704792916E0
4.896982417E0,1.576222229E-1,2.492317200E-1,9.702224121E0,9.706704596E0
4.906938417E0,1.514849854E-1,2.468367004E-1,9.701924744E0,9.706246431E0
4.916894417E0,1.511856079E-1,2.496807861E-1,9.715995483E0,9.720378893E0
4.926850417E0,1.678010559E-1,2.465373230E-1,9.694440308E0,9.699026277E0
4.936806417E0,1.529818726E-1,2.472857666E-1,9.700427856E0,9.704785124E0
4.946762417E0,1.598675537E-1,2.550695801E-1,9.708511047E0,9.713176869E0
4.956718417E0,1.654060364E-1,2.573149109E-1,9.710157623E0,9.714974585E0
4.966674417E0,1.657054138E-1,2.463876343E-1,9.710007935E0,9.714546785E0
4.976630417E0,1.579216003E-1,2.447410583E-1,9.704619141E0,9.708989138E0
4.986586417E0,1.733395386E-1,2.552192688E-1,9.708660736E0,9.713561487E0
4.996542417E0,1.540296936E-1,2.529739380E-1,9.699679413E0,9.704200208E0
5.006498417E0,1.556762695E-1,2.442919922E-1,9.701775055E0,9.706098747E0
5.016454417E0,1.546284485E-1,2.435435486E-1,9.690698090E0,9.694991123E0
5.026410417E0,1.504371643E-1,2.493814087E-1,9.699679413E0,9.704050862E0
5.036366417E0,1.514849854E-1,2.501298523E-1,9.694889374E0,9.699298563E0
5.046322417E0,1.577719116E-1,2.380050659E-1,9.692644043E0,9.696849330E0
5.056278417E0,1.552272034E-1,2.516267395E-1,9.702523499E0,9.707027029E0
5.066234417E0,1.535806274E-1,2.496807861E-1,9.709558868E0,9.713982753E0
5.076190625E0,1.496887207E-1,2.484832764E-1,9.704918518E0,9.709253014E0
5.086146625E0,1.507365417E-1,2.505789185E-1,9.699230347E0,9.703637494E0
5.096102625E0,1.710942078E-1,2.457888794E-1,9.702673187E0,9.707293772E0
5.106058625E0,1.627116394E-1,2.433938599E-1,9.705816650E0,9.710231331E0
5.116014625E0,1.562750244E-1,2.402503967E-1,9.691147156E0,9.695384228E0
5.125970625E0,1.577719116E-1,2.502795410E-1,9.705816650E0,9.710324849E0
5.135926625E0,1.477427673E-1,2.549198914E-1,9.703122253E0,9.707594632E0
5.145882625E0,1.480421448E-1,2.519261169E-1,9.698182526E0,9.702583550E0
5.155838625E0,1.625619507E-1,2.392025757E-1,9.688602448E0,9.692918118E0
5.165794625E0,1.577719116E-1,2.444416809E-1,9.698032837E0,9.702395818E0
5.175750625E0,1.628613281E-1,2.390528870E-1,9.711953888E0,9.716260516E0
5.185706625E0,1.562750244E-1,2.538720703E-1,9.697284393E0,9.701865672E0
5.195662625E0,1.537303162E-1,2.577639771E-1,9.704319763E0,9.708959643E0
5.205618625E0,1.483415222E-1,2.504292297E-1,9.697583771E0,9.701950886E0
5.215574625E0,1.522334290E-1,2.472857666E-1,9.709708557E0,9.714049904E0
5.225530625E0,1.613644409E-1,2.573149109E-1,9.713750153E0,9.718497388E0
5.235486625E0,1.471440125E-1,2.430944824E-1,9.697134705E0,9.701297221E0
5.245442625E0,1.499880981E-1,2.520758057E-1,9.708960114E0,9.713389992E0
5.255398625E0,1.531315613E-1,2.493814087E-1,9.691147156E0,9.695564633E0
5.265354625E0,1.585203552E-1,2.529739380E-1,9.701325989E0,9.705918321E0
5.275310625E0,1.537303162E-1,2.435435486E-1,9.701775055E0,9.706048923E0
5.285266625E0,1.682501221E-1,2.588117981E-1,9.703271942E0,9.708180985E0
5.295222625E0,1.573228455E-1,2.567161560E-1,9.693991241E0,9.698665880E0
5.305178625E0,1.604663086E-1,2.447410583E-1,9.690997467E0,9.695415387E0
5.315134625E0,1.652563477E-1,2.432441711E-1,9.686357117E0,9.690819964E0
5.325090625E0,1.588197327E-1,2.505789185E-1,9.699080658E0,9.703616806E0
5.335046625E0,1.591191101E-1,2.528242493E-1,9.706714783E0,9.711310461E0
5.345002625E0,1.564247131E-1,2.420466614E-1,9.705217896E0,9.709495851E0
5.354958625E0,1.640588379E-1,2.540217590E-1,9.706265717E0,9.710975055E0
5.364914625E0,1.631607056E-1,2.414479065E-1,9.694589996E0,9.698968693E0
5.374870625E0,1.504371643E-1,2.496807861E-1,9.713450775E0,9.717823717E0
5.384826625E0,1.466949463E-1,2.427951050E-1,9.718689880E0,9.722828902E0
5.394782625E0,1.445993042E-1,2.567161560E-1,9.700427856E0,9.704901480E0
5.404738625E0,1.621128845E-1,2.529739380E-1,9.700128479E0,9.704780724E0
5.414694625E0,1.528321838E-1,2.511776733E-1,9.707463226E0,9.711914857E0
5.424650625E0,1.504371643E-1,2.573149109E-1,9.701475677E0,9.706053401E0
5.434606625E0,1.546284485E-1,2.445913696E-1,9.714947662E0,9.719256298E0
5.444562625E0,1.624122620E-1,2.525248718E-1,9.709858246E0,9.714499149E0
5.454518625E0,1.595681763E-1,2.466870117E-1,9.704619141E0,9.709065308E0
5.464474625E0,1.658551025E-1,2.480342102E-1,9.711504822E0,9.716087422E0
5.474430625E0,1.618135071E-1,2.471360779E-1,9.697883148E0,9.702381017E0
5.484386625E0,1.660047913E-1,2.439926147E-1,9.693392487E0,9.697883681E0
5.494342625E0,1.507365417E-1,2.544708252E-1,9.697733459E0,9.702242584E0
5.504298625E0,1.586700439E-1,2.591111755E-1,9.686357117E0,9.691121141E0
5.514254625E0,1.529818726E-1,2.570155334E-1,9.695637817E0,9.700250158E0
5.524210625E0,1.517843628E-1,2.647993469E-1,9.704020386E0,9.708819127E0
5.534166625E0,1.489402771E-1,2.547702026E-1,9.703870697E0,9.708357099E0
5.544122625E0,1.649569702E-1,2.529739380E-1,9.702822876E0,9.707521742E0
5.554078625E0,1.555265808E-1,2.484832764E-1,9.699529724E0,9.703958436E0
5.564034625E0,1.538800049E-1,2.547702026E-1,9.706415405E0,9.710977651E0
5.573990625E0,1.595681763E-1,2.658471680E-1,9.713600464E0,9.718547767E0
5.583946625E0,1.574725342E-1,2.522254944E-1,9.705517273E0,9.710071103E0
5.593902625E0,1.564247131E-1,2.326162720E-1,9.698182526E0,9.702232904E0
5.603858625E0,1.695973206E-1,2.486329651E-1,9.691296844E0,9.695969066E0
5.613814625E0,1.495390320E-1,2.445913696E-1,9.700427856E0,9.704663181E0
5.623770625E0,1.463955688E-1,2.528242493E-1,9.706116028E0,9.710511836E0
5.633726625E0,1.627116394E-1,2.543211365E-1,9.695338440E0,9.700038236E0
5.643682625E0,1.686991882E-1,2.525248718E-1,9.703122253E0,9.707873593E0
5.653638625E0,1.564247131E-1,2.471360779E-1,9.696086884E0,9.700497193E0
5.663594625E0,1.466949463E-1,2.463876343E-1,9.702373810E0,9.706610316E0
5.673550625E0,1.466949463E-1,2.505789185E-1,9.698930969E0,9.703276310E0
5.683506625E0,1.519340515E-1,2.412982178E-1,9.699679413E0,9.703869821E0
5.693462625E0,1.552272034E-1,2.386038208E-1,9.698781281E0,9.702957569E0
5.703418625E0,1.511856079E-1,2.465373230E-1,9.688901825E0,9.693217026E0
5.713374625E0,1.618135071E-1,2.487826538E-1,9.700577545E0,9.705116235E0
5.723330625E0,1.633103943E-1,2.477348328E-1,9.693841553E0,9.698381663E0
5.733286625E0,1.588197327E-1,2.538720703E-1,9.698781281E0,9.703403169E0
5.743242625E0,1.658551025E-1,2.564167786E-1,9.703271942E0,9.708076218E0
5.753198625E0,1.526824951E-1,2.490820312E-1,9.702074432E0,9.706472176E0
5.763154625E0,1.675016785E-1,2.556683350E-1,9.699080658E0,9.703895544E0
5.773110625E0,1.567240906E-1,2.441423035E-1,9.694140930E0,9.698481133E0
5.783066625E0,1.586700439E-1,2.471360779E-1,9.694739685E0,9.699187079E0
5.793022625E0,1.550775146E-1,2.471360779E-1,9.712253265E0,9.716634642E0
5.802978625E0,1.583706665E-1,2.380050659E-1,9.709558868E0,9.713766576E0
5.812934625E0,1.552272034E-1,2.612068176E-1,9.697434082E0,9.702193168E0
5.822890625E0,1.598675537E-1,2.631527710E-1,9.692644043E0,9.697533478E0
5.832846625E0,1.676513672E-1,2.507286072E-1,9.697733459E0,9.702422691E0
5.842802625E0,1.483415222E-1,2.592608643E-1,9.701625366E0,9.706222548E0
5.852758625E0,1.613644409E-1,2.472857666E-1,9.700128479E0,9.704621643E0
5.862714625E0,1.564247131E-1,2.389031982E-1,9.699679413E0,9.703881911E0
5.872670625E0,1.505868530E-1,2.498304749E-1,9.710007935E0,9.714388594E0
5.882626625E0,1.510359192E-1,2.450404358E-1,9.698182526E0,9.702453348E0
5.892582625E0,1.573228455E-1,2.433938599E-1,9.693093109E0,9.697424662E0
5.902538625E0,1.495390320E-1,2.450404358E-1,9.705666962E0,9.709911323E0
5.912494625E0,1.489402771E-1,2.553689575E-1,9.707163849E0,9.711664456E0
5.922450625E0,1.559756470E-1,2.549198914E-1,9.699829102E0,9.704431831E0
5.932406625E0,1.544787598E-1,2.499801636E-1,9.705966339E0,9.710413809E0
5.942362625E0,1.550775146E-1,2.412982178E-1,9.701026611E0,9.705266157E0
5.952318625E0,1.630110168E-1,2.490820312E-1,9.707912292E0,9.712475252E0
5.962274625E0,1.600172424E-1,2.387535095E-1,9.702373810E0,9.706630018E0
5.972230625E0,1.570234680E-1,2.460882568E-1,9.706714783E0,9.711103319E0
5.982186625E0,1.556762695E-1,2.450404358E-1,9.693691864E0,9.698038042E0
5.992142625E0,1.637594604E-1,2.454895020E-1,9.702822876E0,9.707309309E0
6.002098625E0,1.606159973E-1,2.326162720E-1,9.693991241E0,9.698111879E0
6.012054625E0,1.606159973E-1,2.451901245E-1,9.708061981E0,9.712485940E0
6.022010625E0,1.538800049E-1,2.496807861E-1,9.708061981E0,9.712491286E0
6.031966625E0,1.634600830E-1,2.495310974E-1,9.698332214E0,9.702918773E0
6.041922625E0,1.564247131E-1,2.522254944E-1,9.699529724E0,9.704069418E0
6.051878625E0,1.585203552E-1,2.549198914E-1,9.712702332E0,9.717340142E0
6.061834625E0,1.481918335E-1,2.513273621E-1,9.715995483E0,9.720375224E0
6.071790625E0,1.487905884E-1,2.484832764E-1,9.708810425E0,9.713129385E0
6.081745917E0,1.463955688E-1,2.498304749E-1,9.703271942E0,9.707591530E0
6.091701917E0,1.507365417E-1,2.511776733E-1,9.696685638E0,9.701109426E0
6.101657917E0,1.528321838E-1,2.493814087E-1,9.699978790E0,9.704387528E0
6.111613917E0,1.633103943E-1,2.543211365E-1,9.710457001E0,9.715159530E0
6.121569917E0,1.534309387E-1,2.540217590E-1,9.712253265E0,9.716786073E0
6.131525917E0,1.661544800E-1,2.426454163E-1,9.694440308E0,9.698899782E0
6.141481917E0,1.546284485E-1,2.544708252E-1,9.705367584E0,9.709934361E0
6.151437917E0,1.486408997E-1,2.600093079E-1,9.705666962E0,9.710286820E0
6.161393917E0,1.701960754E-1,2.415975952E-1,9.711504822E0,9.716000309E0
6.171349917E0,1.652563477E-1,2.445913696E-1,9.706116028E0,9.710603634E0
6.181305917E0,1.597178650E-1,2.454895020E-1,9.698332214E0,9.702753353E0
6.191261917E0,1.570234680E-1,2.427951050E-1,9.695787506E0,9.700097999E0
6.201217917E0,1.652563477E-1,2.472857666E-1,9.708660736E0,9.713215389E0
6.211173917E0,1.535806274E-1,2.552192688E-1,9.702822876E0,9.707393865E0
6.221129917E0,1.540296936E-1,2.537223816E-1,9.691745911E0,9.696289960E0
6.231085917E0,1.627116394E-1,2.508782959E-1,9.700577545E0,9.705185197E0
6.241041917E0,1.460961914E-1,2.528242493E-1,9.698332214E0,9.702727036E0
6.250997917E0,1.589694214E-1,2.538720703E-1,9.702822876E0,9.707445290E0
6.260953917E0,1.700463867E-1,2.438429260E-1,9.716294861E0,9.720841577E0
6.270909917E0,1.510359192E-1,2.378553772E-1,9.707762604E0,9.711850586E0
6.280865917E0,1.517843628E-1,2.549198914E-1,9.700876923E0,9.705412702E0
6.290821917E0,1.577719116E-1,2.640509033E-1,9.697434082E0,9.702311200E0
6.300777917E0,1.559756470E-1,2.534230042E-1,9.699829102E0,9.704392625E0
6.310733917E0,1.619631958E-1,2.508782959E-1,9.699829102E0,9.704424589E0
6.320689917E0,1.550775146E-1,2.573149109E-1,9.700727234E0,9.705378347E0
6.330646917E0,1.519340515E-1,2.561174011E-1,9.705367584E0,9.709935119E0
6.340601917E0,1.552272034E-1,2.445913696E-1,9.696535950E0,9.700862325E0
6.350558917E0,1.654060364E-1,2.498304749E-1,9.698481903E0,9.703109071E0
6.360514917E0,1.562750244E-1,2.404000854E-1,9.704319763E0,9.708554792E0
6.370470917E0,1.595681763E-1,2.529739380E-1,9.705517273E0,9.710124786E0
6.380426917E0,1.609153748E-1,2.541714478E-1,9.700427856E0,9.705091317E0
6.390382917E0,1.571731567E-1,2.607577515E-1,9.699978790E0,9.704755872E0
6.400338917E0,1.574725342E-1,2.537223816E-1,9.693691864E0,9.698290293E0
6.410294917E0,1.490899658E-1,2.465373230E-1,9.691596222E0,9.695877773E0
6.420250917E0,1.603166199E-1,2.495310974E-1,9.692943420E0,9.697480051E0
6.430206917E0,1.552272034E-1,2.490820312E-1,9.708511047E0,9.712946211E0
6.440162917E0,1.526824951E-1,2.496807861E-1,9.700278168E0,9.704692111E0
6.450118917E0,1.654060364E-1,2.528242493E-1,9.691895599E0,9.696603507E0
6.460074917E0,1.686991882E-1,2.456391907E-1,9.689201202E0,9.693782439E0
6.470030917E0,1.631607056E-1,2.501298523E-1,9.699829102E0,9.704425329E0
6.479986917E0,1.523831177E-1,2.442919922E-1,9.707912292E0,9.712181025E0
6.489942917E0,1.561253357E-1,2.454895020E-1,9.707762604E0,9.712121034E0
6.499898917E0,1.448986816E-1,2.550695801E-1,9.695488129E0,9.699925060E0
6.509854917E0,1.523831177E-1,2.477348328E-1,9.705666962E0,9.710023910E0
6.519810917E0,1.628613281E-1,2.380050659E-1,9.713899841E0,9.718179889E0
6.529766917E0,1.604663086E-1,2.475851440E-1,9.706864471E0,9.711347265E0
6.539722917E0,1.540296936E-1,2.490820312E-1,9.698182526E0,9.702603326E0
6.549678917E0,1.663041687E-1,2.492317200E-1,9.701775055E0,9.706400607E0
6.559634917E0,1.538800049E-1,2.610571289E-1,9.704020386E0,9.708750771E0
6.569590917E0,1.588197327E-1,2.502795410E-1,9.705367584E0,9.709893074E0
6.579546917E0,1.616638184E-1,2.532733154E-1,9.705666962E0,9.710316871E0
6.589502917E0,1.576222229E-1,2.546205139E-1,9.701775055E0,9.706395602E0
6.599458917E0,1.622625732E-1,2.463876343E-1,9.708211670E0,9.712693233E0
6.609414917E0,1.639091492E-1,2.556683350E-1,9.717342682E0,9.722087292E0
6.619370917E0,1.624122620E-1,2.573149109E-1,9.711055756E0,9.715821766E0
6.629326917E0,1.685494995E-1,2.525248718E-1,9.700577545E0,9.705327529E0
6.639282917E0,1.546284485E-1,2.405497742E-1,9.700727234E0,9.704941165E0
6.649238917E0,1.643582153E-1,2.637515259E-1,9.702074432E0,9.707050365E0
6.659194917E0,1.546284485E-1,2.353106689E-1,9.689949646E0,9.694039674E0
6.669150917E0,1.546284485E-1,2.459385681E-1,9.693991241E0,9.698343257E0
6.679106917E0,1.532812500E-1,2.483335876E-1,9.692045288E0,9.696437829E0
6.689062917E0,1.431024170E-1,2.523751831E-1,9.705816650E0,9.710151821E0
6.699018917E0,1.628613281E-1,2.525248718E-1,9.703122253E0,9.707773900E0
6.708974917E0,1.504371643E-1,2.493814087E-1,9.697284393E0,9.701656922E0
6.718930917E0,1.691482544E-1,2.421963501E-1,9.688602448E0,9.693105157E0
6.728886917E0,1.603166199E-1,2.519261169E-1,9.702972565E0,9.707566367E0
6.738842917E0,1.454974365E-1,2.519261169E-1,9.701475677E0,9.705836728E0
6.748798917E0,1.511856079E-1,2.447410583E-1,9.696835327E0,9.701101517E0
6.758754917E0,1.570234680E-1,2.538720703E-1,9.707762604E0,9.712351011E0
6.768710917E0,1.562750244E-1,2.435435486E-1,9.695188751E0,9.699506187E0
6.778666917E0,1.487905884E-1,2.588117981E-1,9.701176300E0,9.705768583E0
6.788622917E0,1.672023010E-1,2.535726929E-1,9.694889374E0,9.699646163E0
6.798578917E0,1.571731567E-1,2.574645996E-1,9.707313538E0,9.711999153E0
6.808534917E0,1.525328064E-1,2.499801636E-1,9.702972565E0,9.707390634E0
6.818490917E0,1.576222229E-1,2.427951050E-1,9.692943420E0,9.697264892E0
6.828446917E0,1.520837402E-1,2.402503967E-1,9.704768829E0,9.708933399E0
6.838402917E0,1.570234680E-1,2.393522644E-1,9.685908051E0,9.690137287E0
6.848358917E0,1.568737793E-1,2.507286072E-1,9.712402954E0,9.716905133E0
6.858314917E0,1.589694214E-1,2.504292297E-1,9.704319763E0,9.708852051E0
6.868270917E0,1.675016785E-1,2.433938599E-1,9.687255249E0,9.691759987E0
6.878226917E0,1.628613281E-1,2.447410583E-1,9.705068207E0,9.709519602E0
6.888182917E0,1.607656860E-1,2.418969727E-1,9.706864471E0,9.711208865E0
6.898138917E0,1.694476318E-1,2.398013306E-1,9.704918518E0,9.709359434E0
6.908094917E0,1.481918335E-1,2.495310974E-1,9.707313538E0,9.711650874E0
6.918050917E0,1.586700439E-1,2.466870117E-1,9.698631592E0,9.703065774E0
6.928006917E0,1.465452576E-1,2.468367004E-1,9.711804199E0,9.716045732E0
6.937962917E0,1.585203552E-1,2.520758057E-1,9.691596222E0,9.696169772E0
6.947918917E0,1.619631958E-1,2.486329651E-1,9.692344666E0,9.696885868E0
6.957874917E0,1.576222229E-1,2.445913696E-1,9.714348907E0,9.718705901E0
6.967830917E0,1.636097717E-1,2.404000854E-1,9.701026611E0,9.705383953E0
6.977786917E0,1.492396545E-1,2.417472839E-1,9.698930969E0,9.703091063E0
6.987742917E0,1.546284485E-1,2.409988403E-1,9.705068207E0,9.709291390E0
6.997698917E0,1.556762695E-1,2.534230042E-1,9.703870697E0,9.708427516E0
7.007654917E0,1.571731567E-1,2.607577515E-1,9.695937195E0,9.700716267E0
7.017610917E0,1.541793823E-1,2.510279846E-1,9.708211670E0,9.712680380E0
7.027566917E0,1.474433899E-1,2.513273621E-1,9.688752136E0,9.693132773E0
7.037522917E0,1.577719116E-1,2.445913696E-1,9.692194977E0,9.696564360E0
7.047478917E0,1.516346741E-1,2.390528870E-1,9.702822876E0,9.706951690E0
7.057434917E0,1.607656860E-1,2.544708252E-1,9.701924744E0,9.706592849E0
7.067390917E0,1.526824951E-1,2.576142883E-1,9.695637817E0,9.700261324E0
7.077347500E0,1.568737793E-1,2.459385681E-1,9.702074432E0,9.706458852E0
7.087303500E0,1.604663086E-1,2.453398132E-1,9.707463226E0,9.711888763E0
7.097259500E0,1.724414062E-1,2.406994629E-1,9.708960114E0,9.713474083E0
7.107215500E0,1.534309387E-1,2.448907471E-1,9.701775055E0,9.706078083E0
7.117171500E0,1.636097717E-1,2.577639771E-1,9.703421631E0,9.708223410E0
7.127127500E0,1.568737793E-1,2.460882568E-1,9.697733459E0,9.702123637E0
7.137083500E0,1.582209778E-1,2.550695801E-1,9.700876923E0,9.705519432E0
7.147039500E0,1.631607056E-1,2.363584900E-1,9.697434082E0,9.701686169E0
7.156995500E0,1.591191101E-1,2.448907471E-1,9.686955872E0,9.691357203E0
7.166951500E0,1.516346741E-1,2.447410583E-1,9.704319763E0,9.708589667E0
7.176907500E0,1.606159973E-1,2.468367004E-1,9.703271942E0,9.707739811E0
7.186863500E0,1.609153748E-1,2.469863892E-1,9.702972565E0,9.707449337E0
7.196819500E0,1.622625732E-1,2.424957275E-1,9.709708557E0,9.714091496E0
7.206775500E0,1.682501221E-1,2.429447937E-1,9.692194977E0,9.696699116E0
7.216731500E0,1.619631958E-1,2.436932373E-1,9.699080658E0,9.703493396E0
7.226687500E0,1.589694214E-1,2.344125366E-1,9.702523499E0,9.706656621E0
7.236643500E0,1.567240906E-1,2.492317200E-1,9.712402954E0,9.716864208E0
7.246599500E0,1.534309387E-1,2.508782959E-1,9.709259491E0,9.713712001E0
7.256555500E0,1.520837402E-1,2.613565063E-1,9.695787506E0,9.700501639E0
7.266511500E0,1.609153748E-1,2.481838989E-1,9.705217896E0,9.709724167E0
7.276467500E0,1.561253357E-1,2.448907471E-1,9.699230347E0,9.703577480E0
7.286423500E0,1.573228455E-1,2.549198914E-1,9.701475677E0,9.706099368E0
7.296379500E0,1.567240906E-1,2.347119141E-1,9.714498596E0,9.718597383E0
7.306335500E0,1.532812500E-1,2.540217590E-1,9.697583771E0,9.702121066E0
7.316291500E0,1.655557251E-1,2.457888794E-1,9.704768829E0,9.709292400E0
7.326247500E0,1.444496155E-1,2.511776733E-1,9.689051514E0,9.693383060E0
7.336203500E0,1.615141296E-1,2.398013306E-1,9.701924744E0,9.706231773E0
7.346159500E0,1.700463867E-1,2.412982178E-1,9.714199219E0,9.718683402E0
7.356115500E0,1.546284485E-1,2.350112915E-1,9.712402954E0,9.716476286E0
7.366071500E0,1.540296936E-1,2.487826538E-1,9.697583771E0,9.701997163E0
7.376027500E0,1.537303162E-1,2.507286072E-1,9.696535950E0,9.700995169E0
7.385983500E0,1.541793823E-1,2.475851440E-1,9.680219879E0,9.684612878E0
7.395939500E0,1.689985657E-1,2.508782959E-1,9.695188751E0,9.699906461E0
7.405895500E0,1.595681763E-1,2.585124207E-1,9.687854004E0,9.692616049E0
7.415851500E0,1.579216003E-1,2.469863892E-1,9.702074432E0,9.706502449E0
7.425807500E0,1.573228455E-1,2.471360779E-1,9.697434082E0,9.701858301E0
7.435763500E0,1.552272034E-1,2.550695801E-1,9.690997467E0,9.695596314E0
7.445719500E0,1.583706665E-1,2.447410583E-1,9.688303070E0,9.692687751E0
7.455675500E0,1.701960754E-1,2.439926147E-1,9.703721008E0,9.708279997E0
7.465631500E0,1.531315613E-1,2.501298523E-1,9.713151398E0,9.717578108E0
7.475587500E0,1.683998108E-1,2.538720703E-1,9.687854004E0,9.692642814E0
7.485543500E0,1.568737793E-1,2.487826538E-1,9.711804199E0,9.716256635E0
7.495499500E0,1.619631958E-1,2.445913696E-1,9.706415405E0,9.710847390E0
7.505455500E0,1.558259583E-1,2.453398132E-1,9.711205444E0,9.715553743E0
7.515411500E0,1.604663086E-1,2.451901245E-1,9.698332214E0,9.702758132E0
7.525367500E0,1.654060364E-1,2.514770508E-1,9.705367584E0,9.710033976E0
7.535323500E0,1.552272034E-1,2.465373230E-1,9.700727234E0,9.705100978E0
7.545279500E0,1.667532349E-1,2.451901245E-1,9.694889374E0,9.699422911E0
7.555235500E0,1.610650635E-1,2.507286072E-1,9.698032837E0,9.702610355E0
7.565191500E0,1.549278259E-1,2.535726929E-1,9.706116028E0,9.710663731E0
7.575147500E0,1.570234680E-1,2.411485291E-1,9.704170074E0,9.708435807E0
7.585103500E0,1.643582153E-1,2.435435486E-1,9.701475677E0,9.705923831E0
7.595059500E0,1.663041687E-1,2.549198914E-1,9.703571320E0,9.708343709E0
7.605015500E0,1.639091492E-1,2.417472839E-1,9.704619141E0,9.709013370E0
7.614971500E0,1.606159973E-1,2.456391907E-1,9.706415405E0,9.710851463E0
7.624927500E0,1.597178650E-1,2.644999695E-1,9.690997467E0,9.695921923E0
7.634883500E0,1.504371643E-1,2.568658447E-1,9.697583771E0,9.702151431E0
7.644839500E0,1.469943237E-1,2.549198914E-1,9.719588013E0,9.724041476E0
7.654795500E0,1.667532349E-1,2.522254944E-1,9.704170074E0,9.708879502E0
7.664751500E0,1.652563477E-1,2.591111755E-1,9.693392487E0,9.698263049E0
7.674707500E0,1.505868530E-1,2.552192688E-1,9.712103577E0,9.716623341E0
7.684663500E0,1.429527283E-1,2.588117981E-1,9.710756378E0,9.715256480E0
7.694619500E0,1.664538574E-1,2.540217590E-1,9.705367584E0,9.710118119E0
7.704575500E0,1.486408997E-1,2.502795410E-1,9.697883148E0,9.702250848E0
7.714531500E0,1.523831177E-1,2.481838989E-1,9.697284393E0,9.701656584E0
7.724487500E0,1.642085266E-1,2.463876343E-1,9.710457001E0,9.714970225E0
7.734443500E0,1.510359192E-1,2.424957275E-1,9.693542175E0,9.697751076E0
7.744399500E0,1.538800049E-1,2.540217590E-1,9.700427856E0,9.704973298E0
7.754355500E0,1.682501221E-1,2.415975952E-1,9.693242798E0,9.697712794E0
7.764311500E0,1.498384094E-1,2.380050659E-1,9.692045288E0,9.696124990E0
7.774267500E0,1.649569702E-1,2.423460388E-1,9.684710541E0,9.689146539E0
7.784223500E0,1.585203552E-1,2.577639771E-1,9.687554626E0,9.692279691E0
7.794179500E0,1.621128845E-1,2.501298523E-1,9.706864471E0,9.711439821E0
7.804135500E0,1.538800049E-1,2.556683350E-1,9.703870697E0,9.708457749E0
7.814091500E0,1.606159973E-1,2.377056885E-1,9.704170074E0,9.708409670E0
7.824047500E0,1.582209778E-1,2.415975952E-1,9.701176300E0,9.705473965E0
7.834003500E0,1.526824951E-1,2.402503967E-1,9.696685638E0,9.700863084E0
7.843959500E0,1.555265808E-1,2.573149109E-1,9.692344666E0,9.697006992E0
7.853915500E0,1.490899658E-1,2.583627319E-1,9.694290619E0,9.698878787E0
7.863871500E0,1.652563477E-1,2.523751831E-1,9.707463226E0,9.712149360E0
7.873827500E0,1.667532349E-1,2.486329651E-1,9.707912292E0,9.712527275E0
7.883783500E0,1.664538574E-1,2.517764282E-1,9.716294861E0,9.720981642E0
7.893739500E0,1.502874756E-1,2.531236267E-1,9.710606689E0,9.715067688E0
7.903695500E0,1.675016785E-1,2.499801636E-1,9.707762604E0,9.712425118E0
7.913651500E0,1.562750244E-1,2.453398132E-1,9.693242798E0,9.697606377E0
7.923607500E0,1.517843628E-1,2.456391907E-1,9.706116028E0,9.710410159E0
7.933563500E0,1.570234680E-1,2.474354553E-1,9.706265717E0,9.710688690E0
7.943519500E0,1.642085266E-1,2.543211365E-1,9.701924744E0,9.706646559E0
7.953475500E0,1.724414062E-1,2.576142883E-1,9.692194977E0,9.697151367E0
7.963431500E0,1.490899658E-1,2.445913696E-1,9.709858246E0,9.714082556E0
7.973387500E0,1.660047913E-1,2.511776733E-1,9.700278168E0,9.704949477E0
7.983343500E0,1.686991882E-1,2.495310974E-1,9.692194977E0,9.696874169E0
7.993299500E0,1.631607056E-1,2.454895020E-1,9.697733459E0,9.702212158E0
8.003255500E0,1.517843628E-1,2.436932373E-1,9.688003693E0,9.692256726E0
8.013211500E0,1.588197327E-1,2.415975952E-1,9.704619141E0,9.708925057E0
8.023167500E0,1.487905884E-1,2.519261169E-1,9.716444550E0,9.720848733E0
8.033123500E0,1.507365417E-1,2.597099304E-1,9.705068207E0,9.709712645E0
8.043079500E0,1.679507446E-1,2.447410583E-1,9.707463226E0,9.712000202E0
8.053035500E0,1.483415222E-1,2.585124207E-1,9.709109802E0,9.713683494E0
8.062991500E0,1.574725342E-1,2.435435486E-1,9.697583771E0,9.701919503E0
8.072947500E0,1.564247131E-1,2.354603577E-1,9.705217896E0,9.709333894E0
8.082903542E0,1.595681763E-1,2.523751831E-1,9.701775055E0,9.706368757E0
8.092859542E0,1.586700439E-1,2.438429260E-1,9.698631592E0,9.702993884E0
8.102815542E0,1.496887207E-1,2.495310974E-1,9.695637817E0,9.700003359E0
8.112771542E0,1.661544800E-1,2.456391907E-1,9.696835327E0,9.701369042E0
8.122727542E0,1.583706665E-1,2.541714478E-1,9.691745911E0,9.696371651E0
8.132683542E0,1.547781372E-1,2.580633545E-1,9.702074432E0,9.706739991E0
8.142639542E0,1.487905884E-1,2.522254944E-1,9.702224121E0,9.706642532E0
8.152595542E0,1.529818726E-1,2.438429260E-1,9.704469452E0,9.708737826E0
8.162551542E0,1.580712891E-1,2.484832764E-1,9.711205444E0,9.715669902E0
8.172507542E0,1.571731567E-1,2.456391907E-1,9.714199219E0,9.718575434E0
8.182463542E0,1.657054138E-1,2.544708252E-1,9.693242798E0,9.697998228E0
8.192419542E0,1.586700439E-1,2.401007080E-1,9.706864471E0,9.711129821E0
8.202375542E0,1.568737793E-1,2.393522644E-1,9.705666962E0,9.709885172E0
8.212331542E0,1.534309387E-1,2.481838989E-1,9.696685638E0,9.701074614E0
8.222287542E0,1.577719116E-1,2.580633545E-1,9.698930969E0,9.703646254E0
8.232243542E0,1.646575928E-1,2.591111755E-1,9.708660736E0,9.713513474E0
8.242199542E0,1.598675537E-1,2.561174011E-1,9.713151398E0,9.717842550E0
8.252155542E0,1.612147522E-1,2.504292297E-1,9.705068207E0,9.709637166E0
8.262111542E0,1.682501221E-1,2.460882568E-1,9.701924744E0,9.706503555E0
8.272067542E0,1.660047913E-1,2.448907471E-1,9.702822876E0,9.707332323E0
8.282023542E0,1.552272034E-1,2.622546387E-1,9.705068207E0,9.709851795E0
8.291979542E0,1.637594604E-1,2.525248718E-1,9.704918518E0,9.709584410E0
8.301935542E0,1.636097717E-1,2.538720703E-1,9.687404938E0,9.692111927E0
8.311891542E0,1.627116394E-1,2.414479065E-1,9.701625366E0,9.705993350E0
8.321847542E0,1.498384094E-1,2.607577515E-1,9.701775055E0,9.706435256E0
8.331803542E0,1.577719116E-1,2.543211365E-1,9.697434082E0,9.702051278E0
8.341759542E0,1.434017944E-1,2.492317200E-1,9.693542175E0,9.697805960E0
8.351715542E0,1.580712891E-1,2.487826538E-1,9.701775055E0,9.706251519E0
8.361671542E0,1.555265808E-1,2.492317200E-1,9.688303070E0,9.692756127E0
8.371627542E0,1.637594604E-1,2.454895020E-1,9.701026611E0,9.705513875E0
8.381583542E0,1.601669312E-1,2.588117981E-1,9.714498596E0,9.719265403E0
8.391539542E0,1.654060364E-1,2.423460388E-1,9.702224121E0,9.706659758E0
8.401495542E0,1.621128845E-1,2.540217590E-1,9.707313538E0,9.711989691E0
8.411451542E0,1.552272034E-1,2.462379456E-1,9.684261475E0,9.688635039E0
8.421407542E0,1.597178650E-1,2.356100464E-1,9.701325989E0,9.705500906E0
8.431363542E0,1.633103943E-1,2.471360779E-1,9.695488129E0,9.700012195E0
8.441319542E0,1.678010559E-1,2.436932373E-1,9.702224121E0,9.706734594E0
8.451275542E0,1.562750244E-1,2.415975952E-1,9.701176300E0,9.705442436E0
8.461231542E0,1.576222229E-1,2.564167786E-1,9.699080658E0,9.703749788E0
8.471187542E0,1.499880981E-1,2.526745605E-1,9.705068207E0,9.709515424E0
8.481143542E0,1.549278259E-1,2.420466614E-1,9.707313538E0,9.711566575E0
8.491099542E0,1.531315613E-1,2.429447937E-1,9.705517273E0,9.709765032E0
8.501055542E0,1.535806274E-1,2.499801636E-1,9.711654510E0,9.716085139E0
8.511011542E0,1.630110168E-1,2.435435486E-1,9.697134705E0,9.701562118E0
8.520967542E0,1.552272034E-1,2.433938599E-1,9.694739685E0,9.699036737E0
8.530923542E0,1.570234680E-1,2.523751831E-1,9.703122253E0,9.707673824E0
8.540879542E0,1.559756470E-1,2.517764282E-1,9.698332214E0,9.702853576E0
8.550835542E0,1.642085266E-1,2.520758057E-1,9.701325989E0,9.705989522E0
8.560791542E0,1.549278259E-1,2.468367004E-1,9.717642059E0,9.722011015E0
8.570747542E0,1.564247131E-1,2.480342102E-1,9.710007935E0,9.714434814E0
8.580703542E0,1.618135071E-1,2.466870117E-1,9.698781281E0,9.703267306E0
8.590659542E0,1.559756470E-1,2.424957275E-1,9.706415405E0,9.710696813E0
8.600615542E0,1.646575928E-1,2.570155334E-1,9.694440308E0,9.699244403E0
8.610571542E0,1.561253357E-1,2.483335876E-1,9.706565094E0,9.710996376E0
8.620527542E0,1.431024170E-1,2.462379456E-1,9.710007935E0,9.714183729E0
8.630483542E0,1.588197327E-1,2.421963501E-1,9.698481903E0,9.702805471E0
8.640439542E0,1.606159973E-1,2.415975952E-1,9.699230347E0,9.703568221E0
8.650395542E0,1.543290710E-1,2.517764282E-1,9.706565094E0,9.711056315E0
8.660351542E0,1.628613281E-1,2.522254944E-1,9.699380035E0,9.704025690E0
8.670307542E0,1.592687988E-1,2.381547546E-1,9.691147156E0,9.695381242E0
8.680263542E0,1.663041687E-1,2.442919922E-1,9.704918518E0,9.709417032E0
8.690219542E0,1.555265808E-1,2.490820312E-1,9.700577545E0,9.705021128E0
8.700175542E0,1.544787598E-1,2.399510193E-1,9.698631592E0,9.702829223E0
8.710131542E0,1.740879822E-1,2.360591125E-1,9.707014160E0,9.711444508E0
8.720087542E0,1.633103943E-1,2.507286072E-1,9.705666962E0,9.710278384E0
8.730043542E0,1.451980591E-1,2.508782959E-1,9.702224121E0,9.706553214E0
8.739999542E0,1.606159973E-1,2.504292297E-1,9.695787506E0,9.700350904E0
8.749955542E0,1.613644409E-1,2.426454163E-1,9.704469452E0,9.708843527E0
8.759911542E0,1.604663086E-1,2.484832764E-1,9.706714783E0,9.711220585E0
8.769867542E0,1.543290710E-1,2.421963501E-1,9.701625366E0,9.705875091E0
8.779823542E0,1.531315613E-1,2.426454163E-1,9.695188751E0,9.699433540E0
8.789779542E0,1.624122620E-1,2.576142883E-1,9.709858246E0,9.714632778E0
8.799735542E0,1.567240906E-1,2.555186462E-1,9.716893616E0,9.721516022E0
8.809691542E0,1.658551025E-1,2.399510193E-1,9.699380035E0,9.703765119E0
8.819647542E0,1.529818726E-1,2.357597351E-1,9.706265717E0,9.710333685E0
8.829603542E0,1.534309387E-1,2.516267395E-1,9.707912292E0,9.712384782E0
8.839559542E0,1.567240906E-1,2.420466614E-1,9.699529724E0,9.703815018E0
8.849515542E0,1.574725342E-1,2.414479065E-1,9.711654510E0,9.715931660E0
8.859471542E0,1.568737793E-1,2.562670898E-1,9.709558868E0,9.714206896E0
8.869427542E0,1.681004333E-1,2.477348328E-1,9.701924744E0,9.706542847E0
8.879383542E0,1.520837402E-1,2.579136658E-1,9.711953888E0,9.716568182E0
8.889339542E0,1.532812500E-1,2.399510193E-1,9.686506805E0,9.690690673E0
8.899295542E0,1.586700439E-1,2.474354553E-1,9.696386261E0,9.700840531E0
8.909251542E0,1.619631958E-1,2.495310974E-1,9.699829102E0,9.704389854E0
8.919207542E0,1.511856079E-1,2.523751831E-1,9.689201202E0,9.693666502E0
8.929163542E0,1.603166199E-1,2.463876343E-1,9.702523499E0,9.706975354E0
8.939119542E0,1.625619507E-1,2.529739380E-1,9.701176300E0,9.705835554E0
8.949075542E0,1.630110168E-1,2.492317200E-1,9.701475677E0,9.706045506E0
8.959031542E0,1.616638184E-1,2.585124207E-1,9.704918518E0,9.709706860E0
8.968987542E0,1.594184875E-1,2.426454163E-1,9.705068207E0,9.709409866E0
8.978943542E0,1.451980591E-1,2.463876343E-1,9.688901825E0,9.693121681E0
8.988899542E0,1.591191101E-1,2.454895020E-1,9.699230347E0,9.703641239E0
8.998855542E0,1.561253357E-1,2.457888794E-1,9.696985016E0,9.701355869E0
9.008811542E0,1.534309387E-1,2.516267395E-1,9.706415405E0,9.710888584E0
9.018767542E0,1.646575928E-1,2.588117981E-1,9.707612915E0,9.712458194E0
9.028723542E0,1.589694214E-1,2.532733154E-1,9.699380035E0,9.703988444E0
9.038679542E0,1.571731567E-1,2.430944824E-1,9.716743927E0,9.721055029E0
9.048635542E0,1.510359192E-1,2.553689575E-1,9.708810425E0,9.713342628E0
9.058591542E0,1.499880981E-1,2.441423035E-1,9.701026611E0,9.705257297E0
9.068547542E0,1.648072815E-1,2.499801636E-1,9.719438324E0,9.724049201E0
9.078503125E0,1.655557251E-1,2.528242493E-1,9.707313538E0,9.712016522E0
9.088459125E0,1.570234680E-1,2.469863892E-1,9.712552643E0,9.716961330E0
9.098415125E0,1.574725342E-1,2.553689575E-1,9.693542175E0,9.698183892E0
9.108371125E0,1.582209778E-1,2.438429260E-1,9.696386261E0,9.700742228E0
9.118327125E0,1.613644409E-1,2.516267395E-1,9.708960114E0,9.713560675E0
9.128283125E0,1.451980591E-1,2.445913696E-1,9.700876923E0,9.705046135E0
9.138239125E0,1.522334290E-1,2.442919922E-1,9.704319763E0,9.708587727E0
9.148195125E0,1.592687988E-1,2.445913696E-1,9.699679413E0,9.704069878E0
9.158151125E0,1.594184875E-1,2.511776733E-1,9.714348907E0,9.718903188E0
9.168107125E0,1.594184875E-1,2.534230042E-1,9.710606689E0,9.715221035E0
9.178063125E0,1.619631958E-1,2.504292297E-1,9.696086884E0,9.700672540E0
9.188019125E0,1.576222229E-1,2.348616028E-1,9.703571320E0,9.707692882E0
9.197975125E0,1.508862305E-1,2.507286072E-1,9.699679413E0,9.704092549E0
9.207931125E0,1.546284485E-1,2.495310974E-1,9.692045288E0,9.696489962E0
9.217887125E0,1.642085266E-1,2.492317200E-1,9.698631592E0,9.703222951E0
9.227843125E0,1.639091492E-1,2.486329651E-1,9.696535950E0,9.701107874E0
9.237799125E0,1.520837402E-1,2.598596191E-1,9.707912292E0,9.712580376E0
9.247755125E0,1.555265808E-1,2.415975952E-1,9.691446533E0,9.695704916E0
9.257711125E0,1.516346741E-1,2.496807861E-1,9.693691864E0,9.698092365E0
9.267667125E0,1.603166199E-1,2.523751831E-1,9.704319763E0,9.708924591E0
9.277623125E0,1.618135071E-1,2.598596191E-1,9.696985016E0,9.701815759E0
9.287579125E0,1.544787598E-1,2.487826538E-1,9.691745911E0,9.696169104E0
9.297535125E0,1.585203552E-1,2.448907471E-1,9.699529724E0,9.703915553E0
9.307491125E0,1.576222229E-1,2.520758057E-1,9.705217896E0,9.709770408E0
9.317447125E0,1.555265808E-1,2.393522644E-1,9.712552643E0,9.716746208E0
9.327403125E0,1.655557251E-1,2.487826538E-1,9.711055756E0,9.715652598E0
9.337359125E0,1.559756470E-1,2.451901245E-1,9.698930969E0,9.703283390E0
9.347315125E0,1.487905884E-1,2.514770508E-1,9.698481903E0,9.702882591E0
9.357271125E0,1.463955688E-1,2.561174011E-1,9.722881165E0,9.727355546E0
9.367227125E0,1.505868530E-1,2.540217590E-1,9.700427856E0,9.704921641E0
9.377183125E0,1.643582153E-1,2.483335876E-1,9.702224121E0,9.706793296E0
9.387139125E0,1.634600830E-1,2.426454163E-1,9.701475677E0,9.705886169E0
9.397095125E0,1.621128845E-1,2.456391907E-1,9.693542175E0,9.698009028E0
9.407051125E0,1.481918335E-1,2.465373230E-1,9.703870697E0,9.708133084E0
9.417007125E0,1.546284485E-1,2.469863892E-1,9.713450775E0,9.717820650E0
9.426963125E0,1.568737793E-1,2.463876343E-1,9.696985016E0,9.701383131E0
9.436919125E0,1.553768921E-1,2.429447937E-1,9.699080658E0,9.703366929E0
9.446875125E0,1.544787598E-1,2.460882568E-1,9.704918518E0,9.709267045E0
9.456831125E0,1.468446350E-1,2.409988403E-1,9.707463226E0,9.711564554E0
9.466787125E0,1.624122620E-1,2.668949890E-1,9.702673187E0,9.707701976E0
9.476743125E0,1.465452576E-1,2.546205139E-1,9.691147156E0,9.695599018E0
9.486699125E0,1.586700439E-1,2.469863892E-1,9.709109802E0,9.713546809E0
9.496655125E0,1.526824951E-1,2.481838989E-1,9.715247040E0,9.719615848E0
9.506611125E0,1.519340515E-1,2.396516418E-1,9.702822876E0,9.706971136E0
9.516567125E0,1.573228455E-1,2.457888794E-1,9.704319763E0,9.708706645E0
9.526523125E0,1.576222229E-1,2.411485291E-1,9.707612915E0,9.711886835E0
9.536479125E0,1.460961914E-1,2.459385681E-1,9.699529724E0,9.703747047E0
9.546435125E0,1.621128845E-1,2.386038208E-1,9.712552643E0,9.716835452E0
9.556391125E0,1.597178650E-1,2.468367004E-1,9.700128479E0,9.704582972E0
9.566347125E0,1.529818726E-1,2.492317200E-1,9.705367584E0,9.709772389E0
9.576303125E0,1.547781372E-1,2.362088013E-1,9.706714783E0,9.710821940E0
9.586259125E0,1.555265808E-1,2.460882568E-1,9.694739685E0,9.699109521E0
9.596215125E0,1.520837402E-1,2.489323425E-1,9.694589996E0,9.698977883E0
9.606171125E0,1.636097717E-1,2.427951050E-1,9.696985016E0,9.701403817E0
9.616127125E0,1.751358032E-1,2.457888794E-1,9.699978790E0,9.704672754E0
9.626083125E0,1.574725342E-1,2.567161560E-1,9.714648285E0,9.719315412E0
9.636039125E0,1.655557251E-1,2.564167786E-1,9.699380035E0,9.704181126E0
9.645995125E0,1.514849854E-1,2.486329651E-1,9.709708557E0,9.714072592E0
9.655951125E0,1.532812500E-1,2.490820312E-1,9.707463226E0,9.711867961E0
9.665907125E0,1.588197327E-1,2.484832764E-1,9.706714783E0,9.711193517E0
9.675863125E0,1.649569702E-1,2.457888794E-1,9.716294861E0,9.720802889E0
9.685819125E0,1.660047913E-1,2.421963501E-1,9.698481903E0,9.702925739E0
9.695775125E0,1.689985657E-1,2.480342102E-1,9.706864471E0,9.711503455E0
9.705731125E0,1.472937012E-1,2.477348328E-1,9.705666962E0,9.709945373E0
9.715687125E0,1.440005493E-1,2.528242493E-1,9.705816650E0,9.710176781E0
9.725643125E0,1.504371643E-1,2.448907471E-1,9.714199219E0,9.718449942E0
9.735599125E0,1.498384094E-1,2.519261169E-1,9.706116028E0,9.710541008E0
9.745555125E0,1.486408997E-1,2.603086853E-1,9.704319763E0,9.708948285E0
9.755511125E0,1.463955688E-1,2.481838989E-1,9.698481903E0,9.702761366E0
9.765467125E0,1.648072815E-1,2.381547546E-1,9.695039063E0,9.699363977E0
9.775423125E0,1.544787598E-1,2.555186462E-1,9.695338440E0,9.699935099E0
9.785379125E0,1.562750244E-1,2.546205139E-1,9.693542175E0,9.698144843E0
9.795335125E0,1.508862305E-1,2.526745605E-1,9.687255249E0,9.691724581E0
9.805291125E0,1.686991882E-1,2.540217590E-1,9.710007935E0,9.714794931E0
9.815247125E0,1.594184875E-1,2.513273621E-1,9.693841553E0,9.698409341E0
9.825203125E0,1.660047913E-1,2.589614868E-1,9.701325989E0,9.706201347E0
9.835159125E0,1.642085266E-1,2.415975952E-1,9.703421631E0,9.707817735E0
9.845115125E0,1.639091492E-1,2.504292297E-1,9.706116028E0,9.710729599E0
9.855071125E0,1.649569702E-1,2.447410583E-1,9.695488129E0,9.699979332E0
9.865027125E0,1.583706665E-1,2.519261169E-1,9.710756378E0,9.715314584E0
9.874983125E0,1.586700439E-1,2.519261169E-1,9.703870697E0,9.708437024E0
9.884939125E0,1.526824951E-1,2.553689575E-1,9.696386261E0,9.700950045E0
9.894895125E0,1.703457642E-1,2.433938599E-1,9.694739685E0,9.699290480E0
9.904851125E0,1.502874756E-1,2.423460388E-1,9.688303070E0,9.692498868E0
9.914807125E0,1.522334290E-1,2.483335876E-1,9.710606689E0,9.714974363E0
9.924763125E0,1.526824951E-1,2.549198914E-1,9.715396729E0,9.719939799E0
9.934719125E0,1.627116394E-1,2.541714478E-1,9.702224121E0,9.706916663E0
9.944675125E0,1.522334290E-1,2.471360779E-1,9.708061981E0,9.712400254E0
9.954631125E0,1.616638184E-1,2.538720703E-1,9.698781281E0,9.703450136E0
9.964587125E0,1.704954529E-1,2.472857666E-1,9.706415405E0,9.711061681E0
9.974543125E0,1.555265808E-1,2.427951050E-1,9.703721008E0,9.708003883E0
9.984499125E0,1.565744019E-1,2.463876343E-1,9.693392487E0,9.697787392E0
9.994455125E0,1.631607056E-1,2.510279846E-1,9.703571320E0,9.708188957E0
1.000441112E1,1.571731567E-1,2.508782959E-1,9.693392487E0,9.697912209E0
1.001436712E1,1.511856079E-1,2.615061951E-1,9.707912292E0,9.712610548E0
1.002432312E1,1.490899658E-1,2.445913696E-1,9.696086884E0,9.700317191E0
1.003427913E1,1.706451416E-1,2.519261169E-1,9.697434082E0,9.702206672E0
1.004423512E1,1.715432739E-1,2.625540161E-1,9.697284393E0,9.702354679E0
1.005419112E1,1.463955688E-1,2.546205139E-1,9.691446533E0,9.695895996E0
1.006414712E1,1.529818726E-1,2.451901245E-1,9.695188751E0,9.699495171E0
1.007410312E1,1.630110168E-1,2.408491516E-1,9.711205444E0,9.715559278E0
1.008405929E1,1.558259583E-1,2.406994629E-1,9.705517273E0,9.709751979E0
1.009401529E1,1.544787598E-1,2.567161560E-1,9.692644043E0,9.697273607E0
1.010397129E1,1.657054138E-1,2.573149109E-1,9.697134705E0,9.701963241E0
1.011392729E1,1.535806274E-1,2.510279846E-1,9.712702332E0,9.717159494E0
1.012388329E1,1.631607056E-1,2.594105530E-1,9.703271942E0,9.708110096E0
1.013383929E1,1.493893433E-1,2.546205139E-1,9.698032837E0,9.702524913E0
1.014379529E1,1.534309387E-1,2.616558838E-1,9.702822876E0,9.707562857E0
1.015375129E1,1.637594604E-1,2.504292297E-1,9.708061981E0,9.712672104E0
1.016370729E1,1.640588379E-1,2.489323425E-1,9.695937195E0,9.700519610E0
1.017366329E1,1.552272034E-1,2.454895020E-1,9.698631592E0,9.702979714E0
1.018361929E1,1.660047913E-1,2.439926147E-1,9.711055756E0,9.715538785E0
1.019357529E1,1.516346741E-1,2.430944824E-1,9.701026611E0,9.705256582E0
1.020353129E1,1.592687988E-1,2.338137817E-1,9.700427856E0,9.704552336E0
1.021348729E1,1.676513672E-1,2.495310974E-1,9.701475677E0,9.706132241E0
1.022344329E1,1.625619507E-1,2.450404358E-1,9.707313538E0,9.711766437E0
1.023339929E1,1.541793823E-1,2.486329651E-1,9.692644043E0,9.697058223E0
1.024335529E1,1.546284485E-1,2.389031982E-1,9.696685638E0,9.700860635E0
1.025331129E1,1.712438965E-1,2.490820312E-1,9.692644043E0,9.697356076E0
1.026326729E1,1.669029236E-1,2.510279846E-1,9.706265717E0,9.710945669E0
1.027322329E1,1.567240906E-1,2.447410583E-1,9.702373810E0,9.706725409E0
1.028317929E1,1.610650635E-1,2.555186462E-1,9.705816650E0,9.710515361E0
1.029313529E1,1.556762695E-1,2.474354553E-1,9.698930969E0,9.703335579E0
1.030309129E1,1.553768921E-1,2.475851440E-1,9.694889374E0,9.699294838E0
1.031304729E1,1.591191101E-1,2.420466614E-1,9.703122253E0,9.707444923E0
1.032300329E1,1.570234680E-1,2.559677124E-1,9.709558868E0,9.714201422E0
1.033295929E1,1.498384094E-1,2.507286072E-1,9.711804199E0,9.716195613E0
1.034291529E1,1.609153748E-1,2.483335876E-1,9.710906067E0,9.715413525E0
1.035287129E1,1.538800049E-1,2.420466614E-1,9.704918518E0,9.709155941E0
1.036282729E1,1.492396545E-1,2.537223816E-1,9.695637817E0,9.700105165E0
1.037278329E1,1.552272034E-1,2.456391907E-1,9.704619141E0,9.708968368E0
1.038273929E1,1.604663086E-1,2.537223816E-1,9.686506805E0,9.691157752E0
1.039269529E1,1.543290710E-1,2.465373230E-1,9.698781281E0,9.703141576E0
1.040265129E1,1.678010559E-1,2.466870117E-1,9.699529724E0,9.704117093E0
1.041260729E1,1.561253357E-1,2.441423035E-1,9.697883148E0,9.702212023E0
1.042256329E1,1.609153748E-1,2.492317200E-1,9.704170074E0,9.708703675E0
1.043251929E1,1.507365417E-1,2.522254944E-1,9.710307312E0,9.714752045E0
1.044247529E1,1.553768921E-1,2.612068176E-1,9.709708557E0,9.714464023E0
1.045243129E1,1.622625732E-1,2.543211365E-1,9.694140930E0,9.698833783E0
1.046238729E1,1.645079041E-1,2.427951050E-1,9.694440308E0,9.698875460E0
1.047234329E1,1.496887207E-1,2.433938599E-1,9.703870697E0,9.708076730E0
1.048229929E1,1.547781372E-1,2.492317200E-1,9.701325989E0,9.705761107E0
1.049225529E1,1.529818726E-1,2.469863892E-1,9.702224121E0,9.706572960E0
1.050221129E1,1.555265808E-1,2.451901245E-1,9.692644043E0,9.696992073E0
1.051216729E1,1.645079041E-1,2.499801636E-1,9.695188751E0,9.699806073E0
1.052212329E1,1.583706665E-1,2.504292297E-1,9.696535950E0,9.701062081E0
1.053207929E1,1.604663086E-1,2.562670898E-1,9.696086884E0,9.700800127E0
1.054203529E1,1.612147522E-1,2.664459229E-1,9.693841553E0,9.698842595E0
1.055199129E1,1.535806274E-1,2.531236267E-1,9.708810425E0,9.713323759E0
1.056194729E1,1.630110168E-1,2.489323425E-1,9.702074432E0,9.706636297E0
1.057190329E1,1.651066589E-1,2.421963501E-1,9.698481903E0,9.702910414E0
1.058185929E1,1.580712891E-1,2.525248718E-1,9.704768829E0,9.709340522E0
1.059181529E1,1.616638184E-1,2.465373230E-1,9.692194977E0,9.696677746E0
1.060177129E1,1.618135071E-1,2.556683350E-1,9.692194977E0,9.696916694E0
1.061172729E1,1.642085266E-1,2.576142883E-1,9.709558868E0,9.714363746E0
1.062168329E1,1.603166199E-1,2.522254944E-1,9.708061981E0,9.712661147E0
1.063163929E1,1.689985657E-1,2.404000854E-1,9.696236572E0,9.700688449E0
1.064159529E1,1.483415222E-1,2.517764282E-1,9.709259491E0,9.713656183E0
1.065155129E1,1.579216003E-1,2.525248718E-1,9.697434082E0,9.702006793E0
1.066150729E1,1.616638184E-1,2.421963501E-1,9.704918518E0,9.709286158E0
1.067146329E1,1.513352966E-1,2.499801636E-1,9.713750153E0,9.718144601E0
1.068141929E1,1.469943237E-1,2.616558838E-1,9.707612915E0,9.712251008E0
1.069137529E1,1.649569702E-1,2.525248718E-1,9.696835327E0,9.701525394E0
1.070133129E1,1.546284485E-1,2.513273621E-1,9.713450775E0,9.717931949E0
1.071128729E1,1.525328064E-1,2.411485291E-1,9.695787506E0,9.699985270E0
1.072124329E1,1.520837402E-1,2.351609802E-1,9.698182526E0,9.702225232E0
1.073119929E1,1.565744019E-1,2.474354553E-1,9.699978790E0,9.704397373E0
1.074115529E1,1.594184875E-1,2.625540161E-1,9.703571320E0,9.708431656E0
1.075111129E1,1.585203552E-1,2.504292297E-1,9.705367584E0,9.709892041E0
1.076106729E1,1.510359192E-1,2.522254944E-1,9.715247040E0,9.719694162E0
1.077102329E1,1.652563477E-1,2.499801636E-1,9.706265717E0,9.710890479E0
1.078097929E1,1.543290710E-1,2.504292297E-1,9.711055756E0,9.715510082E0
1.079093529E1,1.552272034E-1,2.570155334E-1,9.703122253E0,9.707766681E0
1.080089129E1,1.567240906E-1,2.462379456E-1,9.709708557E0,9.714094699E0
1.081084729E1,1.616638184E-1,2.504292297E-1,9.709409180E0,9.713983560E0
1.082080329E1,1.451980591E-1,2.549198914E-1,9.705217896E0,9.709650922E0
1.083075929E1,1.571731567E-1,2.508782959E-1,9.697134705E0,9.701652684E0
1.084071529E1,1.535806274E-1,2.513273621E-1,9.718091125E0,9.722553552E0
1.085067129E1,1.499880981E-1,2.523751831E-1,9.709858246E0,9.714295487E0
1.086062729E1,1.887574768E-1,2.493814087E-1,9.666897583E0,9.671955818E0
1.087058329E1,2.347119141E-1,2.330653381E-1,9.634415131E0,9.640091496E0
1.088053929E1,7.214996338E-2,2.594105530E-1,9.705367584E0,9.709101884E0
1.089049529E1,1.071771240E-1,2.565664673E-1,9.633367310E0,9.637379260E0
1.090045129E1,1.947450256E-1,2.366578674E-1,9.902956696E0,9.907698213E0
1.091040729E1,1.848655701E-1,2.263293457E-1,9.744586029E0,9.748966978E0
1.092036329E1,1.233435059E-1,2.110610962E-1,9.708061981E0,9.711139369E0
1.093031929E1,1.294807434E-1,2.282752991E-1,9.773475952E0,9.776998878E0
1.094027529E1,6.526428223E-2,2.704875183E-1,9.493108978E0,9.497185952E0
1.095023129E1,2.968327332E-1,2.671943665E-1,9.710007935E0,9.718217768E0